[
  {
    "DeniedAlternatives": [],
    "Files": {
      "encyclopaedia/CombatItems.json": [
        "/3/Name"
      ]
    },
    "Texts": {
      "Chs": "蓝色闪晶",
      "Eng": "Blue Scintillack"
    }
  },
  {
    "DeniedAlternatives": [],
    "Files": {
      "encyclopaedia/CombatItems.json": [
        "/3/Description"
      ]
    },
    "Texts": {
      "Chs": "立即完成开火准备.",
      "Eng": "Fill all of your firing solutions instantly."
    }
  },
  {
    "DeniedAlternatives": [],
    "Files": {
      "encyclopaedia/CombatItems.json": [
        "/4/Description"
      ]
    },
    "Texts": {
      "Chs": "发射一枚照明弹, 照亮海面十秒.",
      "Eng": "Fire a flare, illuminating the ocean for 10 seconds."
    }
  },
  {
    "DeniedAlternatives": [],
    "Files": {
      "encyclopaedia/CombatItems.json": [
        "/8/Name"
      ]
    },
    "Texts": {
      "Eng": "GloriousFlare"
    }
  },
  {
    "DeniedAlternatives": [],
    "Files": {
      "encyclopaedia/CombatItems.json": [
        "/2/Description"
      ]
    },
    "Texts": {
      "Chs": "将下潜的海兽引诱到海面.",
      "Eng": "Lures a submerged zee-beast to the surface."
    }
  },
  {
    "DeniedAlternatives": [],
    "Files": {
      "encyclopaedia/CombatItems.json": [
        "/1/Description"
      ]
    },
    "Texts": {
      "Chs": "将你从敌方视野中移除5秒.",
      "Eng": "Obscures you from view for 5 seconds."
    }
  },
  {
    "DeniedAlternatives": [],
    "Files": {
      "encyclopaedia/CombatItems.json": [
        "/9/Name"
      ]
    },
    "Texts": {
      "Eng": "PirateFlare"
    }
  },
  {
    "DeniedAlternatives": [],
    "Files": {
      "encyclopaedia/CombatItems.json": [
        "/0/Name"
      ]
    },
    "Texts": {
      "Chs": "气动老鼠输送机",
      "Eng": "Pneumatic Ratsender"
    }
  },
  {
    "DeniedAlternatives": [],
    "Files": {
      "encyclopaedia/CombatItems.json": [
        "/7/Name"
      ]
    },
    "Texts": {
      "Eng": "RepairShipBeastieSmall"
    }
  },
  {
    "DeniedAlternatives": [],
    "Files": {
      "encyclopaedia/CombatItems.json": [
        "/0/Description"
      ]
    },
    "Texts": {
      "Chs": "立即修复10点船体结构.",
      "Eng": "Repairs 10 hull damage instantly."
    }
  },
  {
    "DeniedAlternatives": [],
    "Files": {
      "encyclopaedia/CombatItems.json": [
        "/5/Description"
      ]
    },
    "Texts": {
      "Chs": "召唤流浪之山.\n\n 你必须处于开阔海面中.",
      "Eng": "Summon Mt Nomad.\n\nYou must be in open waters in order to use this."
    }
  },
  {
    "DeniedAlternatives": [],
    "Files": {
      "encyclopaedia/CombatItems.json": [
        "/10/Description"
      ]
    },
    "Texts": {
      "Eng": "Summon The Pirate Poet.\n\nYou must be in open waters in order to use this."
    }
  },
  {
    "DeniedAlternatives": [],
    "Files": {
      "encyclopaedia/CombatItems.json": [
        "/6/Description"
      ]
    },
    "Texts": {
      "Chs": "召唤世纪之树.\n\n你必须处于开阔海面中.",
      "Eng": "Summon The Tree of Ages.\n\nYou must be in open waters in order to use this."
    }
  }
]