[
  {
    "DeniedAlternatives": [],
    "Files": {
      "encyclopaedia/SpawnedEntities.json": [
        "/12/HumanName"
      ]
    },
    "Texts": {
      "Chs": "白化海鳗",
      "Eng": "Albino Moray"
    }
  },
  {
    "DeniedAlternatives": [],
    "Files": {
      "encyclopaedia/SpawnedEntities.json": [
        "/36/HumanName"
      ]
    },
    "Texts": {
      "Chs": "阿尔凯奥斯级护卫舰",
      "Eng": "Alcaeus-class Corvette"
    }
  },
  {
    "DeniedAlternatives": [],
    "Files": {
      "encyclopaedia/SpawnedEntities.json": [
        "/0/HumanName"
      ]
    },
    "Texts": {
      "Chs": "极光蟹幼体",
      "Eng": "Auroral Megalops"
    }
  },
  {
    "DeniedAlternatives": [],
    "Files": {
      "encyclopaedia/SpawnedEntities.json": [
        "/1/HumanName"
      ]
    },
    "Texts": {
      "Chs": "蝙蝠群",
      "Eng": "Bat-Swarm"
    }
  },
  {
    "DeniedAlternatives": [],
    "Files": {
      "encyclopaedia/SpawnedEntities.json": [
        "/13/HumanName"
      ]
    },
    "Texts": {
      "Chs": "贝希摩须",
      "Eng": "Behemoustache"
    }
  },
  {
    "DeniedAlternatives": [],
    "Files": {
      "encyclopaedia/SpawnedEntities.json": [
        "/38/HumanName"
      ]
    },
    "Texts": {
      "Chs": "挚爱",
      "Eng": "Beloved"
    }
  },
  {
    "DeniedAlternatives": [],
    "Files": {
      "encyclopaedia/SpawnedEntities.json": [
        "/23/HumanName"
      ]
    },
    "Texts": {
      "Chs": "蓝色先知",
      "Eng": "Blue Prophets"
    }
  },
  {
    "DeniedAlternatives": [],
    "Files": {
      "encyclopaedia/SpawnedEntities.json": [
        "/6/HumanName"
      ]
    },
    "Texts": {
      "Chs": "铁笼鲨",
      "Eng": "Bound-Shark"
    }
  },
  {
    "DeniedAlternatives": [],
    "Files": {
      "encyclopaedia/SpawnedEntities.json": [
        "/43/HumanName"
      ]
    },
    "Texts": {
      "Chs": "被缚者",
      "Eng": "Boundling"
    }
  },
  {
    "DeniedAlternatives": [],
    "Files": {
      "encyclopaedia/SpawnedEntities.json": [
        "/35/HumanName"
      ]
    },
    "Texts": {
      "Chs": "卡利戈级巡洋舰",
      "Eng": "Caligo-class Cruiser"
    }
  },
  {
    "DeniedAlternatives": [],
    "Files": {
      "encyclopaedia/SpawnedEntities.json": [
        "/45/HumanName"
      ]
    },
    "Texts": {
      "Chs": "海盗水底大船",
      "Eng": "Corsair Undergalley"
    }
  },
  {
    "DeniedAlternatives": [],
    "Files": {
      "encyclopaedia/SpawnedEntities.json": [
        "/10/HumanName"
      ]
    },
    "Texts": {
      "Chs": "精英海盗护卫舰",
      "Eng": "Crack Pirate Frigate"
    }
  },
  {
    "DeniedAlternatives": [],
    "Files": {
      "encyclopaedia/SpawnedEntities.json": [
        "/4/HumanName"
      ]
    },
    "Texts": {
      "Chs": "精英海盗蒸汽艇",
      "Eng": "Crack Pirate Steam-Pinnace"
    }
  },
  {
    "DeniedAlternatives": [],
    "Files": {
      "encyclopaedia/SpawnedEntities.json": [
        "/16/HumanName"
      ]
    },
    "Texts": {
      "Chs": "东方鮟鱇蟹",
      "Eng": "Eastern Angler Crab"
    }
  },
  {
    "DeniedAlternatives": [],
    "Files": {
      "encyclopaedia/SpawnedEntities.json": [
        "/29/HumanName"
      ]
    },
    "Texts": {
      "Chs": "食名者",
      "Eng": "Eater of Names"
    }
  },
  {
    "DeniedAlternatives": [],
    "Files": {
      "encyclopaedia/SpawnedEntities.json": [
        "/27/HumanName"
      ]
    },
    "Texts": {
      "Chs": "年长鮟鱇蟹",
      "Eng": "Elder Angler Crab"
    }
  },
  {
    "DeniedAlternatives": [],
    "Files": {
      "encyclopaedia/SpawnedEntities.json": [
        "/17/HumanName"
      ]
    },
    "Texts": {
      "Chs": "浮士德海盗",
      "Eng": "Faustic Corsair"
    }
  },
  {
    "DeniedAlternatives": [],
    "Files": {
      "encyclopaedia/SpawnedEntities.json": [
        "/25/HumanName"
      ]
    },
    "Texts": {
      "Chs": "辉煌无畏舰",
      "Eng": "Glorious Dreadnought"
    }
  },
  {
    "DeniedAlternatives": [],
    "Files": {
      "encyclopaedia/SpawnedEntities.json": [
        "/18/HumanName"
      ]
    },
    "Texts": {
      "Chs": "辉煌护卫舰",
      "Eng": "Glorious Frigate"
    }
  },
  {
    "DeniedAlternatives": [],
    "Files": {
      "encyclopaedia/SpawnedEntities.json": [
        "/19/HumanName"
      ]
    },
    "Texts": {
      "Chs": "水母",
      "Eng": "Jillyfish"
    }
  },
  {
    "DeniedAlternatives": [],
    "Files": {
      "encyclopaedia/SpawnedEntities.json": [
        "/3/HumanName"
      ]
    },
    "Texts": {
      "Chs": "弗拉尔水母",
      "Eng": "Jillyfleur"
    }
  },
  {
    "DeniedAlternatives": [],
    "Files": {
      "encyclopaedia/SpawnedEntities.json": [
        "/48/HumanName"
      ]
    },
    "Texts": {
      "Chs": "汗国潜艇",
      "Eng": "Khanate Submarine"
    }
  },
  {
    "DeniedAlternatives": [],
    "Files": {
      "encyclopaedia/SpawnedEntities.json": [
        "/14/HumanName"
      ]
    },
    "Texts": {
      "Chs": "汗国三体战舰",
      "Eng": "Khanate War Trimaran"
    }
  },
  {
    "DeniedAlternatives": [],
    "Files": {
      "encyclopaedia/SpawnedEntities.json": [
        "/20/HumanName"
      ]
    },
    "Texts": {
      "Chs": "活冰山",
      "Eng": "Lifeberg"
    }
  },
  {
    "DeniedAlternatives": [],
    "Files": {
      "encyclopaedia/SpawnedEntities.json": [
        "/28/HumanName"
      ]
    },
    "Texts": {
      "Chs": "孤独锚爪海胆",
      "Eng": "Lorn-Fluke"
    }
  },
  {
    "DeniedAlternatives": [],
    "Files": {
      "encyclopaedia/SpawnedEntities.json": [
        "/32/HumanName"
      ]
    },
    "Texts": {
      "Chs": "午夜鲸",
      "Eng": "Midnight Whale"
    }
  },
  {
    "DeniedAlternatives": [],
    "Files": {
      "encyclopaedia/SpawnedEntities.json": [
        "/24/HumanName"
      ]
    },
    "Texts": {
      "Chs": "衣帽商蝙蝠",
      "Eng": "Milliner Bats"
    }
  },
  {
    "DeniedAlternatives": [],
    "Files": {
      "encyclopaedia/SpawnedEntities.json": [
        "/31/HumanName"
      ]
    },
    "Texts": {
      "Chs": "流浪之山",
      "Eng": "Mt Nomad"
    }
  },
  {
    "DeniedAlternatives": [],
    "Files": {
      "encyclopaedia/SpawnedEntities.json": [
        "/11/HumanName"
      ]
    },
    "Texts": {
      "Chs": "受尽折磨的铁笼鲨",
      "Eng": "Particularly Tormented Bound-Shark"
    }
  },
  {
    "DeniedAlternatives": [],
    "Files": {
      "encyclopaedia/SpawnedEntities.json": [
        "/46/HumanName"
      ]
    },
    "Texts": {
      "Chs": "游荡马驹",
      "Eng": "Putterpony"
    }
  },
  {
    "DeniedAlternatives": [],
    "Files": {
      "encyclopaedia/SpawnedEntities.json": [
        "/8/HumanName"
      ]
    },
    "Texts": {
      "Chs": "老鼠运兵船",
      "Eng": "Rat-Barge"
    }
  },
  {
    "DeniedAlternatives": [],
    "Files": {
      "encyclopaedia/SpawnedEntities.json": [
        "/21/HumanName"
      ]
    },
    "Texts": {
      "Chs": "共和国无畏舰",
      "Eng": "Republican Dreadnought"
    }
  },
  {
    "DeniedAlternatives": [],
    "Files": {
      "encyclopaedia/SpawnedEntities.json": [
        "/30/HumanName"
      ]
    },
    "Texts": {
      "Chs": "狂野锚爪海胆",
      "Eng": "Savage Lorn-Fluke"
    }
  },
  {
    "DeniedAlternatives": [],
    "Files": {
      "encyclopaedia/SpawnedEntities.json": [
        "/26/HumanName"
      ]
    },
    "Texts": {
      "Chs": "捕魂者",
      "Eng": "Soultaker"
    }
  },
  {
    "DeniedAlternatives": [],
    "Files": {
      "encyclopaedia/SpawnedEntities.json": [
        "/49/HumanName"
      ]
    },
    "Texts": {
      "Chs": "不驯号",
      "Eng": "The Irrepressible"
    }
  },
  {
    "DeniedAlternatives": [],
    "Files": {
      "encyclopaedia/SpawnedEntities.json": [
        "/34/HumanName"
      ]
    },
    "Texts": {
      "Chs": "货运轮船",
      "Eng": "Tramp Steamer"
    }
  },
  {
    "DeniedAlternatives": [],
    "Files": {
      "encyclopaedia/SpawnedEntities.json": [
        "/33/HumanName"
      ]
    },
    "Texts": {
      "Chs": "世纪之树",
      "Eng": "Tree of Ages"
    }
  },
  {
    "DeniedAlternatives": [],
    "Files": {
      "encyclopaedia/SpawnedEntities.json": [
        "/22/HumanName"
      ]
    },
    "Texts": {
      "Chs": "暴君蛾",
      "Eng": "Tyrant-Moth"
    }
  },
  {
    "DeniedAlternatives": [],
    "Files": {
      "encyclopaedia/SpawnedEntities.json": [
        "/15/HumanName"
      ]
    },
    "Texts": {
      "Chs": "未完成者革命分子",
      "Eng": "Unfinished Revolutionaries"
    }
  },
  {
    "DeniedAlternatives": [],
    "Files": {
      "encyclopaedia/SpawnedEntities.json": [
        "/7/HumanName"
      ]
    },
    "Texts": {
      "Chs": "西方鮟鱇蟹",
      "Eng": "Western Angler Crab"
    }
  }
]