[
  {
    "Animation": "SalvoSmall",
    "AnimationNumber": 0,
    "Arc": 50,
    "BaseHullDamage": 6,
    "BaseLifeDamage": 6,
    "BaseWarmUp": 18,
    "Description": "对船只造成 {x} 伤害并对对生物造成 {y} 伤害.",
    "ExposedQuality": null,
    "ExposedQualityDamage": -2,
    "ExposedQualityId": 0,
    "Image": "devastatingsalvo_ability",
    "Name": "ForwardSalvo",
    "OnlyWhenExposed": false,
    "Orientation": 0,
    "QualityCost": null,
    "QualityCostId": 0,
    "QualityRequired": null,
    "QualityRequiredId": 0,
    "RammingAttack": false,
    "Range": 250,
    "StaggerAmount": 0
  },
  {
    "Animation": "SalvoSmall",
    "AnimationNumber": 0,
    "Arc": 200,
    "BaseHullDamage": 10,
    "BaseLifeDamage": 10,
    "BaseWarmUp": 12,
    "Description": "对船只造成 {x} 伤害并对对生物造成 {y} 伤害.",
    "ExposedQuality": null,
    "ExposedQualityDamage": -1,
    "ExposedQualityId": 0,
    "Image": "salvo_ability",
    "Name": "DeckSalvo",
    "OnlyWhenExposed": false,
    "Orientation": 0,
    "QualityCost": null,
    "QualityCostId": 0,
    "QualityRequired": null,
    "QualityRequiredId": 0,
    "RammingAttack": false,
    "Range": 140,
    "StaggerAmount": 0
  },
  {
    "Animation": "SalvoSmall",
    "AnimationNumber": 0,
    "Arc": 50,
    "BaseHullDamage": 3,
    "BaseLifeDamage": 3,
    "BaseWarmUp": 12,
    "Description": "对船只造成 {x} 伤害并对对生物造成 {y} 伤害.",
    "ExposedQuality": null,
    "ExposedQualityDamage": -1,
    "ExposedQualityId": 0,
    "Image": "salvo_ability",
    "Name": "AftSalvo",
    "OnlyWhenExposed": false,
    "Orientation": 180,
    "QualityCost": null,
    "QualityCostId": 0,
    "QualityRequired": null,
    "QualityRequiredId": 0,
    "RammingAttack": false,
    "Range": 140,
    "StaggerAmount": 0
  },
  {
    "Animation": "SalvoSmall",
    "AnimationNumber": 0,
    "Arc": 360,
    "BaseHullDamage": 4,
    "BaseLifeDamage": 4,
    "BaseWarmUp": 12,
    "Description": "冲撞攻击. 对船只造成 {x} 伤害并对生物造成 {y} 伤害.",
    "ExposedQuality": null,
    "ExposedQualityDamage": -1,
    "ExposedQualityId": 0,
    "Image": "salvo_ability",
    "Name": "RammingAttack",
    "OnlyWhenExposed": false,
    "Orientation": 0,
    "QualityCost": null,
    "QualityCostId": 0,
    "QualityRequired": null,
    "QualityRequiredId": 0,
    "RammingAttack": false,
    "Range": 140,
    "StaggerAmount": 0
  },
  {
    "Animation": "SalvoSmall",
    "AnimationNumber": 1,
    "Arc": 360,
    "BaseHullDamage": 2,
    "BaseLifeDamage": 5,
    "BaseWarmUp": 10,
    "Description": null,
    "ExposedQuality": null,
    "ExposedQualityDamage": 0,
    "ExposedQualityId": 0,
    "Image": null,
    "Name": "Ram01",
    "OnlyWhenExposed": false,
    "Orientation": 0,
    "QualityCost": null,
    "QualityCostId": 0,
    "QualityRequired": null,
    "QualityRequiredId": 0,
    "RammingAttack": true,
    "Range": 160,
    "StaggerAmount": 0
  },
  {
    "Animation": "Ram",
    "AnimationNumber": 1,
    "Arc": 360,
    "BaseHullDamage": 5,
    "BaseLifeDamage": 5,
    "BaseWarmUp": 10,
    "Description": null,
    "ExposedQuality": null,
    "ExposedQualityDamage": -1,
    "ExposedQualityId": 102026,
    "Image": null,
    "Name": "Ram01Supplies",
    "OnlyWhenExposed": false,
    "Orientation": 0,
    "QualityCost": null,
    "QualityCostId": 0,
    "QualityRequired": null,
    "QualityRequiredId": 0,
    "RammingAttack": true,
    "Range": 160,
    "StaggerAmount": 0
  },
  {
    "Animation": "SalvoSmall",
    "AnimationNumber": 0,
    "Arc": 200,
    "BaseHullDamage": 5,
    "BaseLifeDamage": 5,
    "BaseWarmUp": 10,
    "Description": null,
    "ExposedQuality": null,
    "ExposedQualityDamage": 0,
    "ExposedQualityId": 0,
    "Image": null,
    "Name": "DeckSalvo01",
    "OnlyWhenExposed": false,
    "Orientation": 0,
    "QualityCost": null,
    "QualityCostId": 0,
    "QualityRequired": null,
    "QualityRequiredId": 0,
    "RammingAttack": false,
    "Range": 200,
    "StaggerAmount": 0
  },
  {
    "Animation": "Ram",
    "AnimationNumber": 1,
    "Arc": 360,
    "BaseHullDamage": 8,
    "BaseLifeDamage": 5,
    "BaseWarmUp": 16,
    "Description": null,
    "ExposedQuality": null,
    "ExposedQualityDamage": 0,
    "ExposedQualityId": 0,
    "Image": null,
    "Name": "Ram02Slow",
    "OnlyWhenExposed": false,
    "Orientation": 0,
    "QualityCost": null,
    "QualityCostId": 0,
    "QualityRequired": null,
    "QualityRequiredId": 0,
    "RammingAttack": true,
    "Range": 160,
    "StaggerAmount": 0
  },
  {
    "Animation": "Ram",
    "AnimationNumber": 1,
    "Arc": 360,
    "BaseHullDamage": 8,
    "BaseLifeDamage": 5,
    "BaseWarmUp": 10,
    "Description": null,
    "ExposedQuality": null,
    "ExposedQualityDamage": 0,
    "ExposedQualityId": 0,
    "Image": null,
    "Name": "Ram02",
    "OnlyWhenExposed": false,
    "Orientation": 0,
    "QualityCost": null,
    "QualityCostId": 0,
    "QualityRequired": null,
    "QualityRequiredId": 0,
    "RammingAttack": true,
    "Range": 160,
    "StaggerAmount": 0
  },
  {
    "Animation": "SalvoBig",
    "AnimationNumber": 0,
    "Arc": 200,
    "BaseHullDamage": 8,
    "BaseLifeDamage": 5,
    "BaseWarmUp": 10,
    "Description": null,
    "ExposedQuality": null,
    "ExposedQualityDamage": -1,
    "ExposedQualityId": 102030,
    "Image": null,
    "Name": "DeckSalvo02",
    "OnlyWhenExposed": false,
    "Orientation": 0,
    "QualityCost": null,
    "QualityCostId": 0,
    "QualityRequired": null,
    "QualityRequiredId": 0,
    "RammingAttack": false,
    "Range": 140,
    "StaggerAmount": 0
  },
  {
    "Animation": "Ram",
    "AnimationNumber": 1,
    "Arc": 360,
    "BaseHullDamage": 10,
    "BaseLifeDamage": 5,
    "BaseWarmUp": 10,
    "Description": null,
    "ExposedQuality": null,
    "ExposedQualityDamage": -1,
    "ExposedQualityId": 102030,
    "Image": null,
    "Name": "Ram03",
    "OnlyWhenExposed": false,
    "Orientation": 0,
    "QualityCost": null,
    "QualityCostId": 0,
    "QualityRequired": null,
    "QualityRequiredId": 0,
    "RammingAttack": true,
    "Range": 160,
    "StaggerAmount": 0
  },
  {
    "Animation": "SalvoSmall",
    "AnimationNumber": 0,
    "Arc": 200,
    "BaseHullDamage": 12,
    "BaseLifeDamage": 5,
    "BaseWarmUp": 10,
    "Description": null,
    "ExposedQuality": null,
    "ExposedQualityDamage": -1,
    "ExposedQualityId": 102030,
    "Image": null,
    "Name": "DeckSalvo03",
    "OnlyWhenExposed": false,
    "Orientation": 0,
    "QualityCost": null,
    "QualityCostId": 0,
    "QualityRequired": null,
    "QualityRequiredId": 0,
    "RammingAttack": false,
    "Range": 140,
    "StaggerAmount": 0
  },
  {
    "Animation": "Spit",
    "AnimationNumber": 0,
    "Arc": 120,
    "BaseHullDamage": 12,
    "BaseLifeDamage": 5,
    "BaseWarmUp": 10,
    "Description": null,
    "ExposedQuality": null,
    "ExposedQualityDamage": -1,
    "ExposedQualityId": 102030,
    "Image": null,
    "Name": "AcidSpit",
    "OnlyWhenExposed": false,
    "Orientation": 0,
    "QualityCost": null,
    "QualityCostId": 0,
    "QualityRequired": null,
    "QualityRequiredId": 0,
    "RammingAttack": false,
    "Range": 160,
    "StaggerAmount": 0
  },
  {
    "Animation": "TorpedoSmall",
    "AnimationNumber": 0,
    "Arc": 50,
    "BaseHullDamage": 8,
    "BaseLifeDamage": 5,
    "BaseWarmUp": 12,
    "Description": null,
    "ExposedQuality": null,
    "ExposedQualityDamage": 0,
    "ExposedQualityId": 0,
    "Image": null,
    "Name": "ForwardSalvo01",
    "OnlyWhenExposed": false,
    "Orientation": 0,
    "QualityCost": null,
    "QualityCostId": 0,
    "QualityRequired": null,
    "QualityRequiredId": 0,
    "RammingAttack": false,
    "Range": 250,
    "StaggerAmount": 2
  },
  {
    "Animation": "Ram",
    "AnimationNumber": 1,
    "Arc": 360,
    "BaseHullDamage": 16,
    "BaseLifeDamage": 5,
    "BaseWarmUp": 10,
    "Description": null,
    "ExposedQuality": null,
    "ExposedQualityDamage": -1,
    "ExposedQualityId": 102030,
    "Image": null,
    "Name": "Ram04",
    "OnlyWhenExposed": false,
    "Orientation": 0,
    "QualityCost": null,
    "QualityCostId": 0,
    "QualityRequired": null,
    "QualityRequiredId": 0,
    "RammingAttack": true,
    "Range": 160,
    "StaggerAmount": 0
  },
  {
    "Animation": "Ram",
    "AnimationNumber": 2,
    "Arc": 360,
    "BaseHullDamage": 16,
    "BaseLifeDamage": 5,
    "BaseWarmUp": 10,
    "Description": null,
    "ExposedQuality": null,
    "ExposedQualityDamage": -1,
    "ExposedQualityId": 102030,
    "Image": null,
    "Name": "Ram04BigStagger",
    "OnlyWhenExposed": false,
    "Orientation": 0,
    "QualityCost": null,
    "QualityCostId": 0,
    "QualityRequired": null,
    "QualityRequiredId": 0,
    "RammingAttack": true,
    "Range": 100,
    "StaggerAmount": 12
  },
  {
    "Animation": "Scream",
    "AnimationNumber": 2,
    "Arc": 360,
    "BaseHullDamage": 5,
    "BaseLifeDamage": 5,
    "BaseWarmUp": 12,
    "Description": null,
    "ExposedQuality": null,
    "ExposedQualityDamage": 2,
    "ExposedQualityId": 102025,
    "Image": null,
    "Name": "RoarWeak",
    "OnlyWhenExposed": true,
    "Orientation": 0,
    "QualityCost": null,
    "QualityCostId": 0,
    "QualityRequired": null,
    "QualityRequiredId": 0,
    "RammingAttack": false,
    "Range": 180,
    "StaggerAmount": 0
  },
  {
    "Animation": "Scream",
    "AnimationNumber": 2,
    "Arc": 360,
    "BaseHullDamage": 5,
    "BaseLifeDamage": 5,
    "BaseWarmUp": 12,
    "Description": null,
    "ExposedQuality": null,
    "ExposedQualityDamage": 5,
    "ExposedQualityId": 102025,
    "Image": null,
    "Name": "RoarMedium",
    "OnlyWhenExposed": true,
    "Orientation": 0,
    "QualityCost": null,
    "QualityCostId": 0,
    "QualityRequired": null,
    "QualityRequiredId": 0,
    "RammingAttack": false,
    "Range": 180,
    "StaggerAmount": 0
  },
  {
    "Animation": "SalvoSmall",
    "AnimationNumber": 0,
    "Arc": 200,
    "BaseHullDamage": 14,
    "BaseLifeDamage": 5,
    "BaseWarmUp": 10,
    "Description": null,
    "ExposedQuality": null,
    "ExposedQualityDamage": -1,
    "ExposedQualityId": 102030,
    "Image": null,
    "Name": "DeckSalvo04",
    "OnlyWhenExposed": false,
    "Orientation": 0,
    "QualityCost": null,
    "QualityCostId": 0,
    "QualityRequired": null,
    "QualityRequiredId": 0,
    "RammingAttack": false,
    "Range": 140,
    "StaggerAmount": 0
  },
  {
    "Animation": "SalvoSmall",
    "AnimationNumber": 0,
    "Arc": 50,
    "BaseHullDamage": 7,
    "BaseLifeDamage": 5,
    "BaseWarmUp": 10,
    "Description": null,
    "ExposedQuality": null,
    "ExposedQualityDamage": 0,
    "ExposedQualityId": 0,
    "Image": null,
    "Name": "ForwardSalvo02",
    "OnlyWhenExposed": false,
    "Orientation": 0,
    "QualityCost": null,
    "QualityCostId": 0,
    "QualityRequired": null,
    "QualityRequiredId": 0,
    "RammingAttack": false,
    "Range": 250,
    "StaggerAmount": 0
  },
  {
    "Animation": "TNT",
    "AnimationNumber": 0,
    "Arc": 50,
    "BaseHullDamage": 7,
    "BaseLifeDamage": 5,
    "BaseWarmUp": 16,
    "Description": null,
    "ExposedQuality": null,
    "ExposedQualityDamage": -4,
    "ExposedQualityId": 102030,
    "Image": null,
    "Name": "ForwardSalvoTNT",
    "OnlyWhenExposed": false,
    "Orientation": 0,
    "QualityCost": null,
    "QualityCostId": 0,
    "QualityRequired": null,
    "QualityRequiredId": 0,
    "RammingAttack": false,
    "Range": 220,
    "StaggerAmount": 0
  },
  {
    "Animation": "Ram",
    "AnimationNumber": 1,
    "Arc": 360,
    "BaseHullDamage": 20,
    "BaseLifeDamage": 5,
    "BaseWarmUp": 10,
    "Description": null,
    "ExposedQuality": null,
    "ExposedQualityDamage": -1,
    "ExposedQualityId": 102030,
    "Image": null,
    "Name": "Ram05",
    "OnlyWhenExposed": false,
    "Orientation": 0,
    "QualityCost": null,
    "QualityCostId": 0,
    "QualityRequired": null,
    "QualityRequiredId": 0,
    "RammingAttack": true,
    "Range": 160,
    "StaggerAmount": 3
  },
  {
    "Animation": "SalvoSmall",
    "AnimationNumber": 0,
    "Arc": 50,
    "BaseHullDamage": 0,
    "BaseLifeDamage": 5,
    "BaseWarmUp": 8,
    "Description": null,
    "ExposedQuality": null,
    "ExposedQualityDamage": 0,
    "ExposedQualityId": 0,
    "Image": null,
    "Name": "ForwardSalvoStagger",
    "OnlyWhenExposed": false,
    "Orientation": 0,
    "QualityCost": null,
    "QualityCostId": 0,
    "QualityRequired": null,
    "QualityRequiredId": 0,
    "RammingAttack": false,
    "Range": 180,
    "StaggerAmount": 3
  },
  {
    "Animation": "TorpedoSmall",
    "AnimationNumber": 0,
    "Arc": 50,
    "BaseHullDamage": 10,
    "BaseLifeDamage": 5,
    "BaseWarmUp": 10,
    "Description": null,
    "ExposedQuality": null,
    "ExposedQualityDamage": -1,
    "ExposedQualityId": 102030,
    "Image": null,
    "Name": "ForwardSalvo03",
    "OnlyWhenExposed": false,
    "Orientation": 0,
    "QualityCost": null,
    "QualityCostId": 0,
    "QualityRequired": null,
    "QualityRequiredId": 0,
    "RammingAttack": false,
    "Range": 250,
    "StaggerAmount": 2
  },
  {
    "Animation": "SalvoSmall",
    "AnimationNumber": 0,
    "Arc": 50,
    "BaseHullDamage": 12,
    "BaseLifeDamage": 5,
    "BaseWarmUp": 10,
    "Description": null,
    "ExposedQuality": null,
    "ExposedQualityDamage": 0,
    "ExposedQualityId": 0,
    "Image": null,
    "Name": "ForwardSalvo04",
    "OnlyWhenExposed": false,
    "Orientation": 0,
    "QualityCost": null,
    "QualityCostId": 0,
    "QualityRequired": null,
    "QualityRequiredId": 0,
    "RammingAttack": false,
    "Range": 250,
    "StaggerAmount": 0
  },
  {
    "Animation": "SalvoSmall",
    "AnimationNumber": 0,
    "Arc": 50,
    "BaseHullDamage": 12,
    "BaseLifeDamage": 5,
    "BaseWarmUp": 10,
    "Description": null,
    "ExposedQuality": null,
    "ExposedQualityDamage": -1,
    "ExposedQualityId": 0,
    "Image": null,
    "Name": "AftSalvo01",
    "OnlyWhenExposed": false,
    "Orientation": 180,
    "QualityCost": null,
    "QualityCostId": 0,
    "QualityRequired": null,
    "QualityRequiredId": 0,
    "RammingAttack": false,
    "Range": 140,
    "StaggerAmount": 0
  },
  {
    "Animation": "Ram",
    "AnimationNumber": 1,
    "Arc": 360,
    "BaseHullDamage": 18,
    "BaseLifeDamage": 5,
    "BaseWarmUp": 8,
    "Description": null,
    "ExposedQuality": null,
    "ExposedQualityDamage": -1,
    "ExposedQualityId": 102030,
    "Image": null,
    "Name": "Ram06Swift",
    "OnlyWhenExposed": false,
    "Orientation": 0,
    "QualityCost": null,
    "QualityCostId": 0,
    "QualityRequired": null,
    "QualityRequiredId": 0,
    "RammingAttack": true,
    "Range": 160,
    "StaggerAmount": 0
  },
  {
    "Animation": "Ram",
    "AnimationNumber": 2,
    "Arc": 360,
    "BaseHullDamage": 30,
    "BaseLifeDamage": 5,
    "BaseWarmUp": 16,
    "Description": null,
    "ExposedQuality": null,
    "ExposedQualityDamage": -2,
    "ExposedQualityId": 102030,
    "Image": null,
    "Name": "Ram06",
    "OnlyWhenExposed": false,
    "Orientation": 0,
    "QualityCost": null,
    "QualityCostId": 0,
    "QualityRequired": null,
    "QualityRequiredId": 0,
    "RammingAttack": true,
    "Range": 160,
    "StaggerAmount": 4
  },
  {
    "Animation": "Ram",
    "AnimationNumber": 1,
    "Arc": 360,
    "BaseHullDamage": 15,
    "BaseLifeDamage": 5,
    "BaseWarmUp": 6,
    "Description": null,
    "ExposedQuality": null,
    "ExposedQualityDamage": 2,
    "ExposedQualityId": 102025,
    "Image": null,
    "Name": "Ram07Terror",
    "OnlyWhenExposed": false,
    "Orientation": 0,
    "QualityCost": null,
    "QualityCostId": 0,
    "QualityRequired": null,
    "QualityRequiredId": 0,
    "RammingAttack": true,
    "Range": 160,
    "StaggerAmount": 0
  },
  {
    "Animation": "Ram",
    "AnimationNumber": 1,
    "Arc": 360,
    "BaseHullDamage": 18,
    "BaseLifeDamage": 5,
    "BaseWarmUp": 8,
    "Description": null,
    "ExposedQuality": null,
    "ExposedQualityDamage": -2,
    "ExposedQualityId": 102026,
    "Image": null,
    "Name": "Ram07Supplies",
    "OnlyWhenExposed": false,
    "Orientation": 0,
    "QualityCost": null,
    "QualityCostId": 0,
    "QualityRequired": null,
    "QualityRequiredId": 0,
    "RammingAttack": true,
    "Range": 160,
    "StaggerAmount": 0
  },
  {
    "Animation": "Ram",
    "AnimationNumber": 1,
    "Arc": 360,
    "BaseHullDamage": 34,
    "BaseLifeDamage": 5,
    "BaseWarmUp": 10,
    "Description": null,
    "ExposedQuality": null,
    "ExposedQualityDamage": -1,
    "ExposedQualityId": 102030,
    "Image": null,
    "Name": "Ram07",
    "OnlyWhenExposed": false,
    "Orientation": 0,
    "QualityCost": null,
    "QualityCostId": 0,
    "QualityRequired": null,
    "QualityRequiredId": 0,
    "RammingAttack": true,
    "Range": 160,
    "StaggerAmount": 0
  },
  {
    "Animation": "SalvoSmall",
    "AnimationNumber": 0,
    "Arc": 200,
    "BaseHullDamage": 18,
    "BaseLifeDamage": 5,
    "BaseWarmUp": 10,
    "Description": null,
    "ExposedQuality": null,
    "ExposedQualityDamage": -1,
    "ExposedQualityId": 102030,
    "Image": null,
    "Name": "DeckSalvo05",
    "OnlyWhenExposed": false,
    "Orientation": 0,
    "QualityCost": null,
    "QualityCostId": 0,
    "QualityRequired": null,
    "QualityRequiredId": 0,
    "RammingAttack": false,
    "Range": 140,
    "StaggerAmount": 0
  },
  {
    "Animation": "SalvoSmall",
    "AnimationNumber": 0,
    "Arc": 200,
    "BaseHullDamage": 18,
    "BaseLifeDamage": 5,
    "BaseWarmUp": 8,
    "Description": null,
    "ExposedQuality": null,
    "ExposedQualityDamage": -2,
    "ExposedQualityId": 102030,
    "Image": null,
    "Name": "DeckSalvo06",
    "OnlyWhenExposed": false,
    "Orientation": 0,
    "QualityCost": null,
    "QualityCostId": 0,
    "QualityRequired": null,
    "QualityRequiredId": 0,
    "RammingAttack": false,
    "Range": 140,
    "StaggerAmount": 0
  },
  {
    "Animation": "SalvoSmall",
    "AnimationNumber": 0,
    "Arc": 50,
    "BaseHullDamage": 16,
    "BaseLifeDamage": 5,
    "BaseWarmUp": 10,
    "Description": null,
    "ExposedQuality": null,
    "ExposedQualityDamage": -1,
    "ExposedQualityId": 102030,
    "Image": null,
    "Name": "ForwardSalvo05",
    "OnlyWhenExposed": false,
    "Orientation": 0,
    "QualityCost": null,
    "QualityCostId": 0,
    "QualityRequired": null,
    "QualityRequiredId": 0,
    "RammingAttack": false,
    "Range": 250,
    "StaggerAmount": 0
  },
  {
    "Animation": "SalvoSmall",
    "AnimationNumber": 0,
    "Arc": 50,
    "BaseHullDamage": 16,
    "BaseLifeDamage": 5,
    "BaseWarmUp": 10,
    "Description": null,
    "ExposedQuality": null,
    "ExposedQualityDamage": -1,
    "ExposedQualityId": 102030,
    "Image": null,
    "Name": "ForwardSalvo06",
    "OnlyWhenExposed": false,
    "Orientation": 0,
    "QualityCost": null,
    "QualityCostId": 0,
    "QualityRequired": null,
    "QualityRequiredId": 0,
    "RammingAttack": false,
    "Range": 250,
    "StaggerAmount": 0
  },
  {
    "Animation": "SalvoSmall",
    "AnimationNumber": 0,
    "Arc": 50,
    "BaseHullDamage": 16,
    "BaseLifeDamage": 5,
    "BaseWarmUp": 10,
    "Description": null,
    "ExposedQuality": null,
    "ExposedQualityDamage": -1,
    "ExposedQualityId": 102030,
    "Image": null,
    "Name": "AftSalvo02",
    "OnlyWhenExposed": false,
    "Orientation": 180,
    "QualityCost": null,
    "QualityCostId": 0,
    "QualityRequired": null,
    "QualityRequiredId": 0,
    "RammingAttack": false,
    "Range": 140,
    "StaggerAmount": 0
  },
  {
    "Animation": "Ram",
    "AnimationNumber": 1,
    "Arc": 360,
    "BaseHullDamage": 40,
    "BaseLifeDamage": 5,
    "BaseWarmUp": 10,
    "Description": null,
    "ExposedQuality": null,
    "ExposedQualityDamage": -1,
    "ExposedQualityId": 102030,
    "Image": null,
    "Name": "Ram08",
    "OnlyWhenExposed": false,
    "Orientation": 0,
    "QualityCost": null,
    "QualityCostId": 0,
    "QualityRequired": null,
    "QualityRequiredId": 0,
    "RammingAttack": true,
    "Range": 160,
    "StaggerAmount": 0
  },
  {
    "Animation": "BeamRed",
    "AnimationNumber": 0,
    "Arc": 50,
    "BaseHullDamage": 25,
    "BaseLifeDamage": 5,
    "BaseWarmUp": 10,
    "Description": null,
    "ExposedQuality": null,
    "ExposedQualityDamage": -2,
    "ExposedQualityId": 102030,
    "Image": null,
    "Name": "ForwardSalvo06",
    "OnlyWhenExposed": false,
    "Orientation": 0,
    "QualityCost": null,
    "QualityCostId": 0,
    "QualityRequired": null,
    "QualityRequiredId": 0,
    "RammingAttack": false,
    "Range": 250,
    "StaggerAmount": 6
  },
  {
    "Animation": "Correspondence",
    "AnimationNumber": 0,
    "Arc": 50,
    "BaseHullDamage": 2,
    "BaseLifeDamage": 5,
    "BaseWarmUp": 10,
    "Description": null,
    "ExposedQuality": null,
    "ExposedQualityDamage": 10,
    "ExposedQualityId": 102025,
    "Image": null,
    "Name": "LornFlukeTalk",
    "OnlyWhenExposed": false,
    "Orientation": 0,
    "QualityCost": null,
    "QualityCostId": 0,
    "QualityRequired": null,
    "QualityRequiredId": 0,
    "RammingAttack": false,
    "Range": 250,
    "StaggerAmount": 0
  },
  {
    "Animation": "Correspondence",
    "AnimationNumber": 0,
    "Arc": 50,
    "BaseHullDamage": 20,
    "BaseLifeDamage": 5,
    "BaseWarmUp": 10,
    "Description": null,
    "ExposedQuality": null,
    "ExposedQualityDamage": 6,
    "ExposedQualityId": 102025,
    "Image": null,
    "Name": "DawnFlukeTalk",
    "OnlyWhenExposed": false,
    "Orientation": 0,
    "QualityCost": null,
    "QualityCostId": 0,
    "QualityRequired": null,
    "QualityRequiredId": 0,
    "RammingAttack": false,
    "Range": 250,
    "StaggerAmount": 0
  },
  {
    "Animation": "SalvoSmall",
    "AnimationNumber": 0,
    "Arc": 50,
    "BaseHullDamage": 22,
    "BaseLifeDamage": 5,
    "BaseWarmUp": 10,
    "Description": null,
    "ExposedQuality": null,
    "ExposedQualityDamage": -1,
    "ExposedQualityId": 102030,
    "Image": null,
    "Name": "AftSalvo03",
    "OnlyWhenExposed": false,
    "Orientation": 180,
    "QualityCost": null,
    "QualityCostId": 0,
    "QualityRequired": null,
    "QualityRequiredId": 0,
    "RammingAttack": false,
    "Range": 140,
    "StaggerAmount": 0
  },
  {
    "Animation": "Ram",
    "AnimationNumber": 1,
    "Arc": 360,
    "BaseHullDamage": 80,
    "BaseLifeDamage": 5,
    "BaseWarmUp": 10,
    "Description": null,
    "ExposedQuality": null,
    "ExposedQualityDamage": -2,
    "ExposedQualityId": 102030,
    "Image": null,
    "Name": "NomadRam",
    "OnlyWhenExposed": false,
    "Orientation": 0,
    "QualityCost": null,
    "QualityCostId": 0,
    "QualityRequired": null,
    "QualityRequiredId": 0,
    "RammingAttack": true,
    "Range": 160,
    "StaggerAmount": 6
  },
  {
    "Animation": "Correspondence",
    "AnimationNumber": 0,
    "Arc": 50,
    "BaseHullDamage": 40,
    "BaseLifeDamage": 5,
    "BaseWarmUp": 10,
    "Description": null,
    "ExposedQuality": null,
    "ExposedQualityDamage": 10,
    "ExposedQualityId": 102025,
    "Image": null,
    "Name": "NomadTalk",
    "OnlyWhenExposed": false,
    "Orientation": 0,
    "QualityCost": null,
    "QualityCostId": 0,
    "QualityRequired": null,
    "QualityRequiredId": 0,
    "RammingAttack": false,
    "Range": 250,
    "StaggerAmount": 0
  },
  {
    "Animation": "Ram",
    "AnimationNumber": 1,
    "Arc": 360,
    "BaseHullDamage": 60,
    "BaseLifeDamage": 5,
    "BaseWarmUp": 10,
    "Description": null,
    "ExposedQuality": null,
    "ExposedQualityDamage": -1,
    "ExposedQualityId": 102030,
    "Image": null,
    "Name": "TreeAgesRam",
    "OnlyWhenExposed": false,
    "Orientation": 0,
    "QualityCost": null,
    "QualityCostId": 0,
    "QualityRequired": null,
    "QualityRequiredId": 0,
    "RammingAttack": true,
    "Range": 160,
    "StaggerAmount": 8
  },
  {
    "Animation": "Spit",
    "AnimationNumber": 2,
    "Arc": 50,
    "BaseHullDamage": 35,
    "BaseLifeDamage": 5,
    "BaseWarmUp": 10,
    "Description": null,
    "ExposedQuality": null,
    "ExposedQualityDamage": 5,
    "ExposedQualityId": 102025,
    "Image": null,
    "Name": "TreeAgesSpit",
    "OnlyWhenExposed": false,
    "Orientation": 0,
    "QualityCost": null,
    "QualityCostId": 0,
    "QualityRequired": null,
    "QualityRequiredId": 0,
    "RammingAttack": false,
    "Range": 250,
    "StaggerAmount": 0
  },
  {
    "Animation": "SalvoSmall",
    "AnimationNumber": 0,
    "Arc": 200,
    "BaseHullDamage": 8,
    "BaseLifeDamage": 8,
    "BaseWarmUp": 8,
    "Description": null,
    "ExposedQuality": null,
    "ExposedQualityDamage": -1,
    "ExposedQualityId": 0,
    "Image": "gun_basic_square",
    "Name": "ReconditionedDeckGun",
    "OnlyWhenExposed": false,
    "Orientation": 0,
    "QualityCost": null,
    "QualityCostId": 0,
    "QualityRequired": null,
    "QualityRequiredId": 104895,
    "RammingAttack": false,
    "Range": 200,
    "StaggerAmount": 0
  },
  {
    "Animation": "SalvoSmall",
    "AnimationNumber": 0,
    "Arc": 200,
    "BaseHullDamage": 12,
    "BaseLifeDamage": 12,
    "BaseWarmUp": 8,
    "Description": "对船只造成 {x} 伤害并对对生物造成 {y} 伤害.",
    "ExposedQuality": null,
    "ExposedQualityDamage": -1,
    "ExposedQualityId": 0,
    "Image": "gun_blue_square",
    "Name": "Reproach",
    "OnlyWhenExposed": false,
    "Orientation": 0,
    "QualityCost": null,
    "QualityCostId": 0,
    "QualityRequired": null,
    "QualityRequiredId": 107127,
    "RammingAttack": false,
    "Range": 200,
    "StaggerAmount": 0
  },
  {
    "Animation": "SalvoSmall",
    "AnimationNumber": 0,
    "Arc": 200,
    "BaseHullDamage": 15,
    "BaseLifeDamage": 15,
    "BaseWarmUp": 8,
    "Description": "对船只造成 {x} 伤害并对对生物造成 {y} 伤害.",
    "ExposedQuality": null,
    "ExposedQualityDamage": -1,
    "ExposedQualityId": 0,
    "Image": "gun_green_square",
    "Name": "Denunciation",
    "OnlyWhenExposed": false,
    "Orientation": 0,
    "QualityCost": null,
    "QualityCostId": 0,
    "QualityRequired": null,
    "QualityRequiredId": 108999,
    "RammingAttack": false,
    "Range": 200,
    "StaggerAmount": 0
  },
  {
    "Animation": "SalvoSmall",
    "AnimationNumber": 0,
    "Arc": 200,
    "BaseHullDamage": 18,
    "BaseLifeDamage": 18,
    "BaseWarmUp": 8,
    "Description": "对船只造成 {x} 伤害并对对生物造成 {y} 伤害.",
    "ExposedQuality": null,
    "ExposedQualityDamage": -2,
    "ExposedQualityId": 0,
    "Image": "gun_purple_square",
    "Name": "Hellthrasher",
    "OnlyWhenExposed": false,
    "Orientation": 0,
    "QualityCost": null,
    "QualityCostId": 0,
    "QualityRequired": null,
    "QualityRequiredId": 107138,
    "RammingAttack": false,
    "Range": 200,
    "StaggerAmount": 0
  },
  {
    "Animation": "BeamWhite",
    "AnimationNumber": 0,
    "Arc": 200,
    "BaseHullDamage": 26,
    "BaseLifeDamage": 26,
    "BaseWarmUp": 8,
    "Description": null,
    "ExposedQuality": null,
    "ExposedQualityDamage": -4,
    "ExposedQualityId": 0,
    "Image": "gun_purple_square",
    "Name": "ShiningKnight",
    "OnlyWhenExposed": false,
    "Orientation": 0,
    "QualityCost": null,
    "QualityCostId": 0,
    "QualityRequired": null,
    "QualityRequiredId": 109002,
    "RammingAttack": false,
    "Range": 200,
    "StaggerAmount": 4
  },
  {
    "Animation": "SalvoSmall",
    "AnimationNumber": 0,
    "Arc": 50,
    "BaseHullDamage": 22,
    "BaseLifeDamage": 22,
    "BaseWarmUp": 8,
    "Description": null,
    "ExposedQuality": null,
    "ExposedQualityDamage": -2,
    "ExposedQualityId": 0,
    "Image": "gun_blue_square",
    "Name": "Majesty",
    "OnlyWhenExposed": false,
    "Orientation": 0,
    "QualityCost": null,
    "QualityCostId": 0,
    "QualityRequired": null,
    "QualityRequiredId": 115110,
    "RammingAttack": false,
    "Range": 250,
    "StaggerAmount": 2
  },
  {
    "Animation": "TorpedoSmall",
    "AnimationNumber": 0,
    "Arc": 50,
    "BaseHullDamage": 24,
    "BaseLifeDamage": 24,
    "BaseWarmUp": 8,
    "Description": null,
    "ExposedQuality": null,
    "ExposedQualityDamage": -1,
    "ExposedQualityId": 0,
    "Image": "launcher_basic_square",
    "Name": "Seaworm",
    "OnlyWhenExposed": false,
    "Orientation": 0,
    "QualityCost": null,
    "QualityCostId": 110431,
    "QualityRequired": null,
    "QualityRequiredId": 107144,
    "RammingAttack": false,
    "Range": 250,
    "StaggerAmount": 4
  },
  {
    "Animation": "TNT",
    "AnimationNumber": 0,
    "Arc": 50,
    "BaseHullDamage": 24,
    "BaseLifeDamage": 24,
    "BaseWarmUp": 8,
    "Description": null,
    "ExposedQuality": null,
    "ExposedQualityDamage": -1,
    "ExposedQualityId": 0,
    "Image": "launcher_green_square",
    "Name": "DynamiteTorpedo",
    "OnlyWhenExposed": false,
    "Orientation": 0,
    "QualityCost": null,
    "QualityCostId": 0,
    "QualityRequired": null,
    "QualityRequiredId": 107145,
    "RammingAttack": false,
    "Range": 250,
    "StaggerAmount": 4
  },
  {
    "Animation": "TorpedoSmall",
    "AnimationNumber": 0,
    "Arc": 50,
    "BaseHullDamage": 28,
    "BaseLifeDamage": 28,
    "BaseWarmUp": 8,
    "Description": null,
    "ExposedQuality": null,
    "ExposedQualityDamage": -2,
    "ExposedQualityId": 0,
    "Image": "launcher_blue_square",
    "Name": "Winnower",
    "OnlyWhenExposed": false,
    "Orientation": 0,
    "QualityCost": null,
    "QualityCostId": 110431,
    "QualityRequired": null,
    "QualityRequiredId": 104896,
    "RammingAttack": false,
    "Range": 250,
    "StaggerAmount": 6
  },
  {
    "Animation": "TorpedoSmall",
    "AnimationNumber": 0,
    "Arc": 50,
    "BaseHullDamage": 34,
    "BaseLifeDamage": 34,
    "BaseWarmUp": 8,
    "Description": null,
    "ExposedQuality": null,
    "ExposedQualityDamage": -4,
    "ExposedQualityId": 0,
    "Image": "launcher_purple_square",
    "Name": "Bandersnatch",
    "OnlyWhenExposed": false,
    "Orientation": 0,
    "QualityCost": null,
    "QualityCostId": 110431,
    "QualityRequired": null,
    "QualityRequiredId": 107146,
    "RammingAttack": false,
    "Range": 250,
    "StaggerAmount": 8
  },
  {
    "Animation": "FlensingSalvoSmall",
    "AnimationNumber": 0,
    "Arc": 50,
    "BaseHullDamage": 16,
    "BaseLifeDamage": 24,
    "BaseWarmUp": 8,
    "Description": null,
    "ExposedQuality": null,
    "ExposedQualityDamage": -2,
    "ExposedQualityId": 0,
    "Image": "flenser_blue_square",
    "Name": "Calvary",
    "OnlyWhenExposed": false,
    "Orientation": 0,
    "QualityCost": null,
    "QualityCostId": 0,
    "QualityRequired": null,
    "QualityRequiredId": 109004,
    "RammingAttack": false,
    "Range": 250,
    "StaggerAmount": 0
  },
  {
    "Animation": "FlensingSalvoSmall",
    "AnimationNumber": 0,
    "Arc": 50,
    "BaseHullDamage": 14,
    "BaseLifeDamage": 22,
    "BaseWarmUp": 8,
    "Description": null,
    "ExposedQuality": null,
    "ExposedQualityDamage": -2,
    "ExposedQualityId": 0,
    "Image": "flenser_basic_square",
    "Name": "Britomart",
    "OnlyWhenExposed": false,
    "Orientation": 0,
    "QualityCost": null,
    "QualityCostId": 0,
    "QualityRequired": null,
    "QualityRequiredId": 108525,
    "RammingAttack": false,
    "Range": 250,
    "StaggerAmount": 0
  },
  {
    "Animation": "SalvoBig",
    "AnimationNumber": 0,
    "Arc": 50,
    "BaseHullDamage": 20,
    "BaseLifeDamage": 28,
    "BaseWarmUp": 8,
    "Description": null,
    "ExposedQuality": null,
    "ExposedQualityDamage": -3,
    "ExposedQualityId": 0,
    "Image": "flenser_purple_square",
    "Name": "HeartEnder",
    "OnlyWhenExposed": false,
    "Orientation": 0,
    "QualityCost": null,
    "QualityCostId": 0,
    "QualityRequired": null,
    "QualityRequiredId": 109005,
    "RammingAttack": false,
    "Range": 250,
    "StaggerAmount": 2
  },
  {
    "Animation": "BeamRed",
    "AnimationNumber": 0,
    "Arc": 50,
    "BaseHullDamage": 24,
    "BaseLifeDamage": 32,
    "BaseWarmUp": 8,
    "Description": null,
    "ExposedQuality": null,
    "ExposedQualityDamage": -4,
    "ExposedQualityId": 0,
    "Image": "mementomori_ability",
    "Name": "MementoMori",
    "OnlyWhenExposed": false,
    "Orientation": 0,
    "QualityCost": null,
    "QualityCostId": 0,
    "QualityRequired": null,
    "QualityRequiredId": 109003,
    "RammingAttack": false,
    "Range": 250,
    "StaggerAmount": 2
  },
  {
    "Animation": "BeamDark",
    "AnimationNumber": 0,
    "Arc": 100,
    "BaseHullDamage": 50,
    "BaseLifeDamage": 500,
    "BaseWarmUp": 10,
    "Description": null,
    "ExposedQuality": null,
    "ExposedQualityDamage": 0,
    "ExposedQualityId": 0,
    "Image": "launcher_green_square",
    "Name": "IcarusInBlack",
    "OnlyWhenExposed": false,
    "Orientation": 0,
    "QualityCost": null,
    "QualityCostId": 115052,
    "QualityRequired": null,
    "QualityRequiredId": 115050,
    "RammingAttack": false,
    "Range": 250,
    "StaggerAmount": 6
  },
  {
    "Animation": "SalvoSmall",
    "AnimationNumber": 0,
    "Arc": 80,
    "BaseHullDamage": 22,
    "BaseLifeDamage": 22,
    "BaseWarmUp": 12,
    "Description": null,
    "ExposedQuality": null,
    "ExposedQualityDamage": -1,
    "ExposedQualityId": 0,
    "Image": "aft_red_square",
    "Name": "Scorpion",
    "OnlyWhenExposed": false,
    "Orientation": 180,
    "QualityCost": null,
    "QualityCostId": 0,
    "QualityRequired": null,
    "QualityRequiredId": 112703,
    "RammingAttack": false,
    "Range": 200,
    "StaggerAmount": 6
  },
  {
    "Animation": "SalvoSmall",
    "AnimationNumber": 0,
    "Arc": 80,
    "BaseHullDamage": 24,
    "BaseLifeDamage": 24,
    "BaseWarmUp": 12,
    "Description": null,
    "ExposedQuality": null,
    "ExposedQualityDamage": -1,
    "ExposedQualityId": 0,
    "Image": "aft_blue_square",
    "Name": "Discouragement",
    "OnlyWhenExposed": false,
    "Orientation": 180,
    "QualityCost": null,
    "QualityCostId": 0,
    "QualityRequired": null,
    "QualityRequiredId": 112702,
    "RammingAttack": false,
    "Range": 200,
    "StaggerAmount": 8
  },
  {
    "Animation": "SalvoBig",
    "AnimationNumber": 0,
    "Arc": 80,
    "BaseHullDamage": 28,
    "BaseLifeDamage": 28,
    "BaseWarmUp": 12,
    "Description": null,
    "ExposedQuality": null,
    "ExposedQualityDamage": -2,
    "ExposedQualityId": 0,
    "Image": "aft_purple_square",
    "Name": "Damnation",
    "OnlyWhenExposed": false,
    "Orientation": 180,
    "QualityCost": null,
    "QualityCostId": 0,
    "QualityRequired": null,
    "QualityRequiredId": 112705,
    "RammingAttack": false,
    "Range": 200,
    "StaggerAmount": 8
  },
  {
    "Animation": "SalvoSmall",
    "AnimationNumber": 0,
    "Arc": 180,
    "BaseHullDamage": 5,
    "BaseLifeDamage": 7,
    "BaseWarmUp": 10,
    "Description": null,
    "ExposedQuality": null,
    "ExposedQualityDamage": 0,
    "ExposedQualityId": 0,
    "Image": null,
    "Name": "PirateSalvo01",
    "OnlyWhenExposed": false,
    "Orientation": 0,
    "QualityCost": null,
    "QualityCostId": 0,
    "QualityRequired": null,
    "QualityRequiredId": 0,
    "RammingAttack": false,
    "Range": 200,
    "StaggerAmount": 0
  },
  {
    "Animation": "SalvoBig",
    "AnimationNumber": 0,
    "Arc": 160,
    "BaseHullDamage": 9,
    "BaseLifeDamage": 7,
    "BaseWarmUp": 25,
    "Description": null,
    "ExposedQuality": null,
    "ExposedQualityDamage": 0,
    "ExposedQualityId": 0,
    "Image": null,
    "Name": "PirateSalvo02",
    "OnlyWhenExposed": false,
    "Orientation": 0,
    "QualityCost": null,
    "QualityCostId": 0,
    "QualityRequired": null,
    "QualityRequiredId": 0,
    "RammingAttack": false,
    "Range": 170,
    "StaggerAmount": 0
  },
  {
    "Animation": "Grub",
    "AnimationNumber": 2,
    "Arc": 200,
    "BaseHullDamage": 15,
    "BaseLifeDamage": 5,
    "BaseWarmUp": 10,
    "Description": null,
    "ExposedQuality": null,
    "ExposedQualityDamage": 5,
    "ExposedQualityId": 102025,
    "Image": null,
    "Name": "GrubSalvo01",
    "OnlyWhenExposed": false,
    "Orientation": 0,
    "QualityCost": null,
    "QualityCostId": 0,
    "QualityRequired": null,
    "QualityRequiredId": 0,
    "RammingAttack": false,
    "Range": 200,
    "StaggerAmount": 0
  },
  {
    "Animation": "Spit",
    "AnimationNumber": 0,
    "Arc": 200,
    "BaseHullDamage": 30,
    "BaseLifeDamage": 5,
    "BaseWarmUp": 16,
    "Description": null,
    "ExposedQuality": null,
    "ExposedQualityDamage": 0,
    "ExposedQualityId": 0,
    "Image": null,
    "Name": "AcidSalvo01",
    "OnlyWhenExposed": false,
    "Orientation": 0,
    "QualityCost": null,
    "QualityCostId": 0,
    "QualityRequired": null,
    "QualityRequiredId": 0,
    "RammingAttack": false,
    "Range": 200,
    "StaggerAmount": 0
  },
  {
    "Animation": "SalvoBig",
    "AnimationNumber": 0,
    "Arc": 200,
    "BaseHullDamage": 28,
    "BaseLifeDamage": 5,
    "BaseWarmUp": 12,
    "Description": null,
    "ExposedQuality": null,
    "ExposedQualityDamage": 0,
    "ExposedQualityId": 0,
    "Image": null,
    "Name": "VioletSalvo01",
    "OnlyWhenExposed": false,
    "Orientation": 0,
    "QualityCost": null,
    "QualityCostId": 0,
    "QualityRequired": null,
    "QualityRequiredId": 0,
    "RammingAttack": false,
    "Range": 200,
    "StaggerAmount": 5
  },
  {
    "Animation": "SalvoSmall",
    "AnimationNumber": 0,
    "Arc": 200,
    "BaseHullDamage": 10,
    "BaseLifeDamage": 5,
    "BaseWarmUp": 10,
    "Description": null,
    "ExposedQuality": null,
    "ExposedQualityDamage": 0,
    "ExposedQualityId": 0,
    "Image": null,
    "Name": "ZubSalvo01",
    "OnlyWhenExposed": false,
    "Orientation": 0,
    "QualityCost": null,
    "QualityCostId": 0,
    "QualityRequired": null,
    "QualityRequiredId": 0,
    "RammingAttack": false,
    "Range": 200,
    "StaggerAmount": 0
  },
  {
    "Animation": "SalvoSmall",
    "AnimationNumber": 0,
    "Arc": 200,
    "BaseHullDamage": 15,
    "BaseLifeDamage": 5,
    "BaseWarmUp": 10,
    "Description": null,
    "ExposedQuality": null,
    "ExposedQualityDamage": 0,
    "ExposedQualityId": 0,
    "Image": null,
    "Name": "ZubSalvo02",
    "OnlyWhenExposed": false,
    "Orientation": 0,
    "QualityCost": null,
    "QualityCostId": 0,
    "QualityRequired": null,
    "QualityRequiredId": 0,
    "RammingAttack": false,
    "Range": 200,
    "StaggerAmount": 0
  },
  {
    "Animation": "SalvoSmall",
    "AnimationNumber": 0,
    "Arc": 200,
    "BaseHullDamage": 24,
    "BaseLifeDamage": 5,
    "BaseWarmUp": 13,
    "Description": null,
    "ExposedQuality": null,
    "ExposedQualityDamage": -1,
    "ExposedQualityId": 102030,
    "Image": null,
    "Name": "ZubSalvo03",
    "OnlyWhenExposed": false,
    "Orientation": 0,
    "QualityCost": null,
    "QualityCostId": 0,
    "QualityRequired": null,
    "QualityRequiredId": 0,
    "RammingAttack": false,
    "Range": 200,
    "StaggerAmount": 0
  },
  {
    "Animation": "SalvoSmall",
    "AnimationNumber": 0,
    "Arc": 200,
    "BaseHullDamage": 26,
    "BaseLifeDamage": 5,
    "BaseWarmUp": 12,
    "Description": null,
    "ExposedQuality": null,
    "ExposedQualityDamage": -1,
    "ExposedQualityId": 102030,
    "Image": null,
    "Name": "ZubSalvo04",
    "OnlyWhenExposed": false,
    "Orientation": 0,
    "QualityCost": null,
    "QualityCostId": 0,
    "QualityRequired": null,
    "QualityRequiredId": 0,
    "RammingAttack": false,
    "Range": 200,
    "StaggerAmount": 0
  },
  {
    "Animation": "SalvoSmall",
    "AnimationNumber": 0,
    "Arc": 200,
    "BaseHullDamage": 20,
    "BaseLifeDamage": 5,
    "BaseWarmUp": 10,
    "Description": null,
    "ExposedQuality": null,
    "ExposedQualityDamage": -1,
    "ExposedQualityId": 102030,
    "Image": null,
    "Name": "ZubSalvo05",
    "OnlyWhenExposed": false,
    "Orientation": 0,
    "QualityCost": null,
    "QualityCostId": 0,
    "QualityRequired": null,
    "QualityRequiredId": 0,
    "RammingAttack": false,
    "Range": 200,
    "StaggerAmount": 0
  },
  {
    "Animation": "SalvoSmall",
    "AnimationNumber": 0,
    "Arc": 360,
    "BaseHullDamage": 16,
    "BaseLifeDamage": 5,
    "BaseWarmUp": 10,
    "Description": null,
    "ExposedQuality": null,
    "ExposedQualityDamage": -1,
    "ExposedQualityId": 102030,
    "Image": null,
    "Name": "ZubRam01",
    "OnlyWhenExposed": false,
    "Orientation": 0,
    "QualityCost": null,
    "QualityCostId": 0,
    "QualityRequired": null,
    "QualityRequiredId": 0,
    "RammingAttack": true,
    "Range": 160,
    "StaggerAmount": 0
  },
  {
    "Animation": "SalvoSmall",
    "AnimationNumber": 0,
    "Arc": 360,
    "BaseHullDamage": 20,
    "BaseLifeDamage": 5,
    "BaseWarmUp": 8,
    "Description": null,
    "ExposedQuality": null,
    "ExposedQualityDamage": 3,
    "ExposedQualityId": 102025,
    "Image": null,
    "Name": "ZubTerrorRam01",
    "OnlyWhenExposed": false,
    "Orientation": 0,
    "QualityCost": null,
    "QualityCostId": 0,
    "QualityRequired": null,
    "QualityRequiredId": 0,
    "RammingAttack": true,
    "Range": 160,
    "StaggerAmount": 0
  },
  {
    "Animation": "SalvoSmall",
    "AnimationNumber": 0,
    "Arc": 360,
    "BaseHullDamage": 18,
    "BaseLifeDamage": 5,
    "BaseWarmUp": 8,
    "Description": null,
    "ExposedQuality": null,
    "ExposedQualityDamage": 0,
    "ExposedQualityId": 0,
    "Image": null,
    "Name": "ZubRam02",
    "OnlyWhenExposed": false,
    "Orientation": 0,
    "QualityCost": null,
    "QualityCostId": 0,
    "QualityRequired": null,
    "QualityRequiredId": 0,
    "RammingAttack": true,
    "Range": 160,
    "StaggerAmount": 0
  },
  {
    "Animation": "SalvoSmall",
    "AnimationNumber": 0,
    "Arc": 360,
    "BaseHullDamage": 24,
    "BaseLifeDamage": 5,
    "BaseWarmUp": 10,
    "Description": null,
    "ExposedQuality": null,
    "ExposedQualityDamage": -1,
    "ExposedQualityId": 102030,
    "Image": null,
    "Name": "ZubRam03",
    "OnlyWhenExposed": false,
    "Orientation": 0,
    "QualityCost": null,
    "QualityCostId": 0,
    "QualityRequired": null,
    "QualityRequiredId": 0,
    "RammingAttack": true,
    "Range": 160,
    "StaggerAmount": 0
  },
  {
    "Animation": "SalvoSmall",
    "AnimationNumber": 0,
    "Arc": 360,
    "BaseHullDamage": 16,
    "BaseLifeDamage": 5,
    "BaseWarmUp": 12,
    "Description": null,
    "ExposedQuality": null,
    "ExposedQualityDamage": -2,
    "ExposedQualityId": 102030,
    "Image": null,
    "Name": "ZubRam04",
    "OnlyWhenExposed": false,
    "Orientation": 0,
    "QualityCost": null,
    "QualityCostId": 0,
    "QualityRequired": null,
    "QualityRequiredId": 0,
    "RammingAttack": true,
    "Range": 160,
    "StaggerAmount": 0
  },
  {
    "Animation": "SalvoSmall",
    "AnimationNumber": 0,
    "Arc": 360,
    "BaseHullDamage": 30,
    "BaseLifeDamage": 5,
    "BaseWarmUp": 10,
    "Description": null,
    "ExposedQuality": null,
    "ExposedQualityDamage": -2,
    "ExposedQualityId": 102030,
    "Image": null,
    "Name": "ZubRam05",
    "OnlyWhenExposed": false,
    "Orientation": 0,
    "QualityCost": null,
    "QualityCostId": 0,
    "QualityRequired": null,
    "QualityRequiredId": 0,
    "RammingAttack": true,
    "Range": 160,
    "StaggerAmount": 0
  },
  {
    "Animation": "SalvoSmall",
    "AnimationNumber": 1,
    "Arc": 360,
    "BaseHullDamage": 40,
    "BaseLifeDamage": 5,
    "BaseWarmUp": 10,
    "Description": null,
    "ExposedQuality": null,
    "ExposedQualityDamage": -2,
    "ExposedQualityId": 102030,
    "Image": null,
    "Name": "CompanionRam",
    "OnlyWhenExposed": false,
    "Orientation": 0,
    "QualityCost": null,
    "QualityCostId": 0,
    "QualityRequired": null,
    "QualityRequiredId": 0,
    "RammingAttack": true,
    "Range": 160,
    "StaggerAmount": 0
  }
]