[
  {
    "AssociatedQuality": null,
    "AssociatedQualityId": 110532,
    "Cooldown": 3,
    "Description": "立即修复10点船体结构.",
    "ExoticEffect": null,
    "ExoticEffectName": "RepairSmall",
    "Image": "ratsender_square",
    "IsInfinate": false,
    "IsUsable": null,
    "IsUsableFuncName": null,
    "Name": "气动老鼠输送机"
  },
  {
    "AssociatedQuality": null,
    "AssociatedQualityId": 110435,
    "Cooldown": 3,
    "Description": "将你从敌方视野中移除5秒.",
    "ExoticEffect": null,
    "ExoticEffectName": "Disappear",
    "Image": "lamppost_square",
    "IsInfinate": false,
    "IsUsable": null,
    "IsUsableFuncName": "HasTarget",
    "Name": "不明仪器"
  },
  {
    "AssociatedQuality": null,
    "AssociatedQualityId": 108654,
    "Cooldown": 1,
    "Description": "将下潜的海兽引诱到海面.",
    "ExoticEffect": null,
    "ExoticEffectName": "Lure",
    "Image": "carcass_square",
    "IsInfinate": false,
    "IsUsable": null,
    "IsUsableFuncName": "CanLure",
    "Name": "奇怪的猎获"
  },
  {
    "AssociatedQuality": null,
    "AssociatedQualityId": 109974,
    "Cooldown": 20,
    "Description": "立即完成开火准备.",
    "ExoticEffect": null,
    "ExoticEffectName": "FillSolution",
    "Image": "scintillack_square",
    "IsInfinate": true,
    "IsUsable": null,
    "IsUsableFuncName": "HasTarget",
    "Name": "蓝色闪晶"
  },
  {
    "AssociatedQuality": null,
    "AssociatedQualityId": 113263,
    "Cooldown": 6,
    "Description": "发射一枚照明弹, 照亮海面十秒.",
    "ExoticEffect": null,
    "ExoticEffectName": "Flare",
    "Image": "flare_ability",
    "IsInfinate": false,
    "IsUsable": null,
    "IsUsableFuncName": "HasTarget",
    "Name": "照明弹"
  },
  {
    "AssociatedQuality": null,
    "AssociatedQualityId": 114994,
    "Cooldown": 1,
    "Description": "召唤流浪之山.\n\n 你必须处于开阔海面中.",
    "ExoticEffect": null,
    "ExoticEffectName": "SummonBeastie,MtNomad",
    "Image": "diamondblue_square",
    "IsInfinate": false,
    "IsUsable": null,
    "IsUsableFuncName": "CanDisengage",
    "Name": "死亡租界"
  },
  {
    "AssociatedQuality": null,
    "AssociatedQualityId": 114995,
    "Cooldown": 1,
    "Description": "召唤世纪之树.\n\n你必须处于开阔海面中.",
    "ExoticEffect": null,
    "ExoticEffectName": "SummonBeastie,TreeOfAges",
    "Image": "dawnmachine_square",
    "IsInfinate": false,
    "IsUsable": null,
    "IsUsableFuncName": "CanDisengage",
    "Name": "黎明元素"
  },
  {
    "AssociatedQuality": null,
    "AssociatedQualityId": 0,
    "Cooldown": 6,
    "Description": null,
    "ExoticEffect": null,
    "ExoticEffectName": "RepairShipBeastieSmall",
    "Image": null,
    "IsInfinate": false,
    "IsUsable": null,
    "IsUsableFuncName": null,
    "Name": "RepairShipBeastieSmall"
  },
  {
    "AssociatedQuality": null,
    "AssociatedQualityId": 0,
    "Cooldown": 10,
    "Description": null,
    "ExoticEffect": null,
    "ExoticEffectName": "GloriousFlare",
    "Image": null,
    "IsInfinate": false,
    "IsUsable": null,
    "IsUsableFuncName": null,
    "Name": "GloriousFlare"
  },
  {
    "AssociatedQuality": null,
    "AssociatedQualityId": 0,
    "Cooldown": 4,
    "Description": null,
    "ExoticEffect": null,
    "ExoticEffectName": "Flare",
    "Image": null,
    "IsInfinate": false,
    "IsUsable": null,
    "IsUsableFuncName": null,
    "Name": "PirateFlare"
  },
  {
    "AssociatedQuality": null,
    "AssociatedQualityId": 118651,
    "Cooldown": 1,
    "Description": "Summon The Pirate Poet.\n\nYou must be in open waters in order to use this.",
    "ExoticEffect": null,
    "ExoticEffectName": "SummonBeastie,Corvette",
    "Image": "ushabti_square",
    "IsInfinate": false,
    "IsUsable": null,
    "IsUsableFuncName": "CanDisengage",
    "Name": "海盗之林"
  }
]