[
  {
    "AwareBehaviour": "HuntingPlus",
    "BeastieCharacteristics": {
      "AwarenessRange": 0,
      "CanSubmerge": false,
      "ChanceToStartSubmerged": 0,
      "ChaseTimeToSneaking": 0,
      "EvadeRange": 0,
      "IlluminationTimeToEvade": 0,
      "MaxAttackRange": 0,
      "MinAttackRange": 0,
      "VisionConeAngle": 0,
      "VisionConeRange": 0
    },
    "BeastieCharacteristicsName": "LightShySwimmer",
    "CombatAttackNames": [
      "Ram01"
    ],
    "CombatItems": [],
    "Crew": 0,
    "Description": "",
    "DormantBehaviour": "Wandering",
    "GleamValue": 0,
    "Hull": 0,
    "HumanName": "极光蟹幼体",
    "KillQualityEventId": 148076,
    "Life": 20,
    "LootPrefabName": "Blood",
    "MovementSpeed": 16,
    "Name": "AuroralMegalops",
    "Neutral": false,
    "PacifyEventId": 0,
    "ParentSpawnPoint": null,
    "PrefabName": "Fierce/Organic/AuroralMegalops",
    "RotationSpeed": 1,
    "StartCombatEventId": 0
  },
  {
    "AwareBehaviour": "HuntingPlus",
    "BeastieCharacteristics": {
      "AwarenessRange": 0,
      "CanSubmerge": false,
      "ChanceToStartSubmerged": 0,
      "ChaseTimeToSneaking": 0,
      "EvadeRange": 0,
      "IlluminationTimeToEvade": 0,
      "MaxAttackRange": 0,
      "MinAttackRange": 0,
      "VisionConeAngle": 0,
      "VisionConeRange": 0
    },
    "BeastieCharacteristicsName": "GenericMonster",
    "CombatAttackNames": [
      "Ram01Supplies"
    ],
    "CombatItems": [],
    "Crew": 0,
    "Description": "",
    "DormantBehaviour": "Wandering",
    "GleamValue": 0,
    "Hull": 0,
    "HumanName": "蝙蝠群",
    "KillQualityEventId": 144288,
    "Life": 20,
    "LootPrefabName": "Blood",
    "MovementSpeed": 21,
    "Name": "BatSwarm",
    "Neutral": false,
    "PacifyEventId": 0,
    "ParentSpawnPoint": null,
    "PrefabName": "Fierce/Organic/BatSwarm",
    "RotationSpeed": 1,
    "StartCombatEventId": 0
  },
  {
    "AwareBehaviour": "HuntingPlus",
    "BeastieCharacteristics": {
      "AwarenessRange": 0,
      "CanSubmerge": false,
      "ChanceToStartSubmerged": 0,
      "ChaseTimeToSneaking": 0,
      "EvadeRange": 0,
      "IlluminationTimeToEvade": 0,
      "MaxAttackRange": 0,
      "MinAttackRange": 0,
      "VisionConeAngle": 0,
      "VisionConeRange": 0
    },
    "BeastieCharacteristicsName": "GenericShip",
    "CombatAttackNames": [
      "DeckSalvo01"
    ],
    "CombatItems": [],
    "Crew": 5,
    "Description": "",
    "DormantBehaviour": "Wandering",
    "GleamValue": 0,
    "Hull": 30,
    "HumanName": "海盗蒸汽艇",
    "KillQualityEventId": 144308,
    "Life": 0,
    "LootPrefabName": "Crates",
    "MovementSpeed": 20,
    "Name": "PirateSteamPinnace",
    "Neutral": false,
    "PacifyEventId": 171364,
    "ParentSpawnPoint": null,
    "PrefabName": "Fierce/Ships/PirateSteamPinnace",
    "RotationSpeed": 0.2,
    "StartCombatEventId": 0
  },
  {
    "AwareBehaviour": "HuntingPlus",
    "BeastieCharacteristics": {
      "AwarenessRange": 0,
      "CanSubmerge": false,
      "ChanceToStartSubmerged": 0,
      "ChaseTimeToSneaking": 0,
      "EvadeRange": 0,
      "IlluminationTimeToEvade": 0,
      "MaxAttackRange": 0,
      "MinAttackRange": 0,
      "VisionConeAngle": 0,
      "VisionConeRange": 0
    },
    "BeastieCharacteristicsName": "GenericSwimmer",
    "CombatAttackNames": [
      "Ram02Slow"
    ],
    "CombatItems": [],
    "Crew": 0,
    "Description": "",
    "DormantBehaviour": "Wandering",
    "GleamValue": 0,
    "Hull": 0,
    "HumanName": "弗拉尔水母",
    "KillQualityEventId": 167987,
    "Life": 50,
    "LootPrefabName": "Blood",
    "MovementSpeed": 21,
    "Name": "Jillyfleur",
    "Neutral": false,
    "PacifyEventId": 0,
    "ParentSpawnPoint": null,
    "PrefabName": "Fierce/Organic/Jillyfleur",
    "RotationSpeed": 1,
    "StartCombatEventId": 0
  },
  {
    "AwareBehaviour": "HuntingPlus",
    "BeastieCharacteristics": {
      "AwarenessRange": 0,
      "CanSubmerge": false,
      "ChanceToStartSubmerged": 0,
      "ChaseTimeToSneaking": 0,
      "EvadeRange": 0,
      "IlluminationTimeToEvade": 0,
      "MaxAttackRange": 0,
      "MinAttackRange": 0,
      "VisionConeAngle": 0,
      "VisionConeRange": 0
    },
    "BeastieCharacteristicsName": "GenericShip",
    "CombatAttackNames": [
      "DeckSalvo02"
    ],
    "CombatItems": [],
    "Crew": 8,
    "Description": "",
    "DormantBehaviour": "Wandering",
    "GleamValue": 0,
    "Hull": 80,
    "HumanName": "精英海盗蒸汽艇",
    "KillQualityEventId": 171399,
    "Life": 0,
    "LootPrefabName": "Crates",
    "MovementSpeed": 21,
    "Name": "CrackSteamPinnace",
    "Neutral": false,
    "PacifyEventId": 171394,
    "ParentSpawnPoint": null,
    "PrefabName": "Fierce/Ships/PirateSteamPinnace",
    "RotationSpeed": 0.2,
    "StartCombatEventId": 0
  },
  {
    "AwareBehaviour": "HuntingPlus",
    "BeastieCharacteristics": {
      "AwarenessRange": 0,
      "CanSubmerge": false,
      "ChanceToStartSubmerged": 0,
      "ChaseTimeToSneaking": 0,
      "EvadeRange": 0,
      "IlluminationTimeToEvade": 0,
      "MaxAttackRange": 0,
      "MinAttackRange": 0,
      "VisionConeAngle": 0,
      "VisionConeRange": 0
    },
    "BeastieCharacteristicsName": "GenericShip",
    "CombatAttackNames": [
      "DeckSalvo02"
    ],
    "CombatItems": [],
    "Crew": 10,
    "Description": "",
    "DormantBehaviour": "Wandering",
    "GleamValue": 0,
    "Hull": 90,
    "HumanName": "海盗护卫舰",
    "KillQualityEventId": 144316,
    "Life": 0,
    "LootPrefabName": "Crates",
    "MovementSpeed": 16,
    "Name": "PirateFrigate",
    "Neutral": false,
    "PacifyEventId": 171359,
    "ParentSpawnPoint": null,
    "PrefabName": "Fierce/Ships/PirateFrigate",
    "RotationSpeed": 0.2,
    "StartCombatEventId": 0
  },
  {
    "AwareBehaviour": "HuntingPlus",
    "BeastieCharacteristics": {
      "AwarenessRange": 0,
      "CanSubmerge": false,
      "ChanceToStartSubmerged": 0,
      "ChaseTimeToSneaking": 0,
      "EvadeRange": 0,
      "IlluminationTimeToEvade": 0,
      "MaxAttackRange": 0,
      "MinAttackRange": 0,
      "VisionConeAngle": 0,
      "VisionConeRange": 0
    },
    "BeastieCharacteristicsName": "GenericSwimmer",
    "CombatAttackNames": [
      "Ram03",
      "RoarWeak"
    ],
    "CombatItems": [],
    "Crew": 0,
    "Description": "",
    "DormantBehaviour": "Wandering",
    "GleamValue": 0,
    "Hull": 0,
    "HumanName": "铁笼鲨",
    "KillQualityEventId": 153027,
    "Life": 140,
    "LootPrefabName": "Blood",
    "MovementSpeed": 15,
    "Name": "BoundShark",
    "Neutral": false,
    "PacifyEventId": 0,
    "ParentSpawnPoint": null,
    "PrefabName": "Fierce/Organic/BoundShark",
    "RotationSpeed": 0.9,
    "StartCombatEventId": 0
  },
  {
    "AwareBehaviour": "HuntingPlus",
    "BeastieCharacteristics": {
      "AwarenessRange": 0,
      "CanSubmerge": false,
      "ChanceToStartSubmerged": 0,
      "ChaseTimeToSneaking": 0,
      "EvadeRange": 0,
      "IlluminationTimeToEvade": 0,
      "MaxAttackRange": 0,
      "MinAttackRange": 0,
      "VisionConeAngle": 0,
      "VisionConeRange": 0
    },
    "BeastieCharacteristicsName": "GenericSwimmer",
    "CombatAttackNames": [
      "Ram03"
    ],
    "CombatItems": [],
    "Crew": 0,
    "Description": "",
    "DormantBehaviour": "Wandering",
    "GleamValue": 0,
    "Hull": 0,
    "HumanName": "西方鮟鱇蟹",
    "KillQualityEventId": 143043,
    "Life": 150,
    "LootPrefabName": "Blood",
    "MovementSpeed": 12,
    "Name": "AnglerCrab",
    "Neutral": false,
    "PacifyEventId": 0,
    "ParentSpawnPoint": null,
    "PrefabName": "Fierce/Organic/AnglerCrab",
    "RotationSpeed": 1,
    "StartCombatEventId": 0
  },
  {
    "AwareBehaviour": "HuntingPlus",
    "BeastieCharacteristics": {
      "AwarenessRange": 0,
      "CanSubmerge": false,
      "ChanceToStartSubmerged": 0,
      "ChaseTimeToSneaking": 0,
      "EvadeRange": 0,
      "IlluminationTimeToEvade": 0,
      "MaxAttackRange": 0,
      "MinAttackRange": 0,
      "VisionConeAngle": 0,
      "VisionConeRange": 0
    },
    "BeastieCharacteristicsName": "GenericShip",
    "CombatAttackNames": [
      "DeckSalvo03"
    ],
    "CombatItems": [
      {
        "Name": "RepairShipBeastieSmall",
        "Quantity": 2,
        "UseChance": 10
      }
    ],
    "Crew": 15,
    "Description": "",
    "DormantBehaviour": "Wandering",
    "GleamValue": 0,
    "Hull": 130,
    "HumanName": "老鼠运兵船",
    "KillQualityEventId": 171406,
    "Life": 0,
    "LootPrefabName": "Crates",
    "MovementSpeed": 14,
    "Name": "RatBarge",
    "Neutral": false,
    "PacifyEventId": 171411,
    "ParentSpawnPoint": null,
    "PrefabName": "Fierce/Ships/RatBarge",
    "RotationSpeed": 0.2,
    "StartCombatEventId": 0
  },
  {
    "AwareBehaviour": "HuntingPlus",
    "BeastieCharacteristics": {
      "AwarenessRange": 0,
      "CanSubmerge": false,
      "ChanceToStartSubmerged": 0,
      "ChaseTimeToSneaking": 0,
      "EvadeRange": 0,
      "IlluminationTimeToEvade": 0,
      "MaxAttackRange": 0,
      "MinAttackRange": 0,
      "VisionConeAngle": 0,
      "VisionConeRange": 0
    },
    "BeastieCharacteristicsName": "GenericShip",
    "CombatAttackNames": [
      "DeckSalvo03"
    ],
    "CombatItems": [],
    "Crew": 15,
    "Description": "",
    "DormantBehaviour": "Wandering",
    "GleamValue": 0,
    "Hull": 160,
    "HumanName": "未完成者海盗",
    "KillQualityEventId": 155013,
    "Life": 0,
    "LootPrefabName": "Crates",
    "MovementSpeed": 14,
    "Name": "UnfinishedPirates",
    "Neutral": false,
    "PacifyEventId": 171382,
    "ParentSpawnPoint": null,
    "PrefabName": "Fierce/Ships/UnfinishedPirates",
    "RotationSpeed": 0.3,
    "StartCombatEventId": 0
  },
  {
    "AwareBehaviour": "HuntingPlus",
    "BeastieCharacteristics": {
      "AwarenessRange": 0,
      "CanSubmerge": false,
      "ChanceToStartSubmerged": 0,
      "ChaseTimeToSneaking": 0,
      "EvadeRange": 0,
      "IlluminationTimeToEvade": 0,
      "MaxAttackRange": 0,
      "MinAttackRange": 0,
      "VisionConeAngle": 0,
      "VisionConeRange": 0
    },
    "BeastieCharacteristicsName": "GenericShip",
    "CombatAttackNames": [
      "DeckSalvo02",
      "ForwardSalvo01"
    ],
    "CombatItems": [],
    "Crew": 20,
    "Description": "",
    "DormantBehaviour": "Wandering",
    "GleamValue": 0,
    "Hull": 140,
    "HumanName": "精英海盗护卫舰",
    "KillQualityEventId": 171418,
    "Life": 0,
    "LootPrefabName": "Crates",
    "MovementSpeed": 17,
    "Name": "CrackPirateFrigate",
    "Neutral": false,
    "PacifyEventId": 171423,
    "ParentSpawnPoint": null,
    "PrefabName": "Fierce/Ships/PirateFrigate",
    "RotationSpeed": 0.2,
    "StartCombatEventId": 0
  },
  {
    "AwareBehaviour": "HuntingPlus",
    "BeastieCharacteristics": {
      "AwarenessRange": 0,
      "CanSubmerge": false,
      "ChanceToStartSubmerged": 0,
      "ChaseTimeToSneaking": 0,
      "EvadeRange": 0,
      "IlluminationTimeToEvade": 0,
      "MaxAttackRange": 0,
      "MinAttackRange": 0,
      "VisionConeAngle": 0,
      "VisionConeRange": 0
    },
    "BeastieCharacteristicsName": "GenericSwimmer",
    "CombatAttackNames": [
      "Ram04",
      "RoarMedium"
    ],
    "CombatItems": [],
    "Crew": 0,
    "Description": "",
    "DormantBehaviour": "Wandering",
    "GleamValue": 0,
    "Hull": 0,
    "HumanName": "受尽折磨的铁笼鲨",
    "KillQualityEventId": 153027,
    "Life": 210,
    "LootPrefabName": "Blood",
    "MovementSpeed": 14,
    "Name": "ParticularlyTormentedBoundShark",
    "Neutral": false,
    "PacifyEventId": 0,
    "ParentSpawnPoint": null,
    "PrefabName": "Fierce/Organic/BoundShark",
    "RotationSpeed": 0.9,
    "StartCombatEventId": 0
  },
  {
    "AwareBehaviour": "HuntingPlus",
    "BeastieCharacteristics": {
      "AwarenessRange": 0,
      "CanSubmerge": false,
      "ChanceToStartSubmerged": 0,
      "ChaseTimeToSneaking": 0,
      "EvadeRange": 0,
      "IlluminationTimeToEvade": 0,
      "MaxAttackRange": 0,
      "MinAttackRange": 0,
      "VisionConeAngle": 0,
      "VisionConeRange": 0
    },
    "BeastieCharacteristicsName": "LightShySwimmer",
    "CombatAttackNames": [
      "Ram04"
    ],
    "CombatItems": [],
    "Crew": 0,
    "Description": "",
    "DormantBehaviour": "Wandering",
    "GleamValue": 0,
    "Hull": 0,
    "HumanName": "白化海鳗",
    "KillQualityEventId": 144292,
    "Life": 210,
    "LootPrefabName": "Blood",
    "MovementSpeed": 12,
    "Name": "AlbinoMoray",
    "Neutral": false,
    "PacifyEventId": 0,
    "ParentSpawnPoint": null,
    "PrefabName": "Fierce/Organic/AlbinoMoray",
    "RotationSpeed": 0.9,
    "StartCombatEventId": 0
  },
  {
    "AwareBehaviour": "HuntingPlus",
    "BeastieCharacteristics": {
      "AwarenessRange": 0,
      "CanSubmerge": false,
      "ChanceToStartSubmerged": 0,
      "ChaseTimeToSneaking": 0,
      "EvadeRange": 0,
      "IlluminationTimeToEvade": 0,
      "MaxAttackRange": 0,
      "MinAttackRange": 0,
      "VisionConeAngle": 0,
      "VisionConeRange": 0
    },
    "BeastieCharacteristicsName": "GenericSwimmer",
    "CombatAttackNames": [
      "Ram04",
      "Ram04BigStagger"
    ],
    "CombatItems": [],
    "Crew": 0,
    "Description": "",
    "DormantBehaviour": "Wandering",
    "GleamValue": 0,
    "Hull": 0,
    "HumanName": "贝希摩须",
    "KillQualityEventId": 171428,
    "Life": 210,
    "LootPrefabName": "Blood",
    "MovementSpeed": 14,
    "Name": "Behemoustache",
    "Neutral": false,
    "PacifyEventId": 0,
    "ParentSpawnPoint": null,
    "PrefabName": "Fierce/Organic/Behemoustache",
    "RotationSpeed": 1,
    "StartCombatEventId": 0
  },
  {
    "AwareBehaviour": "HuntingPlus",
    "BeastieCharacteristics": {
      "AwarenessRange": 0,
      "CanSubmerge": false,
      "ChanceToStartSubmerged": 0,
      "ChaseTimeToSneaking": 0,
      "EvadeRange": 0,
      "IlluminationTimeToEvade": 0,
      "MaxAttackRange": 0,
      "MinAttackRange": 0,
      "VisionConeAngle": 0,
      "VisionConeRange": 0
    },
    "BeastieCharacteristicsName": "GenericShip",
    "CombatAttackNames": [
      "DeckSalvo03",
      "ForwardSalvoTNT"
    ],
    "CombatItems": [],
    "Crew": 20,
    "Description": "",
    "DormantBehaviour": "Wandering",
    "GleamValue": 0,
    "Hull": 210,
    "HumanName": "汗国三体战舰",
    "KillQualityEventId": 144336,
    "Life": 0,
    "LootPrefabName": "Crates",
    "MovementSpeed": 15,
    "Name": "KhanateTrimaran",
    "Neutral": false,
    "PacifyEventId": 171350,
    "ParentSpawnPoint": null,
    "PrefabName": "Fierce/Ships/KhanateTrimaran",
    "RotationSpeed": 0.2,
    "StartCombatEventId": 0
  },
  {
    "AwareBehaviour": "HuntingPlus",
    "BeastieCharacteristics": {
      "AwarenessRange": 0,
      "CanSubmerge": false,
      "ChanceToStartSubmerged": 0,
      "ChaseTimeToSneaking": 0,
      "EvadeRange": 0,
      "IlluminationTimeToEvade": 0,
      "MaxAttackRange": 0,
      "MinAttackRange": 0,
      "VisionConeAngle": 0,
      "VisionConeRange": 0
    },
    "BeastieCharacteristicsName": "GenericShip",
    "CombatAttackNames": [
      "DeckSalvo03",
      "ForwardSalvo02"
    ],
    "CombatItems": [],
    "Crew": 20,
    "Description": "",
    "DormantBehaviour": "Wandering",
    "GleamValue": 0,
    "Hull": 210,
    "HumanName": "未完成者革命分子",
    "KillQualityEventId": 171436,
    "Life": 0,
    "LootPrefabName": "Crates",
    "MovementSpeed": 14,
    "Name": "UnfinishedRevolutionaries",
    "Neutral": false,
    "PacifyEventId": 171442,
    "ParentSpawnPoint": null,
    "PrefabName": "Fierce/Ships/UnfinishedPirates",
    "RotationSpeed": 0.3,
    "StartCombatEventId": 0
  },
  {
    "AwareBehaviour": "HuntingPlus",
    "BeastieCharacteristics": {
      "AwarenessRange": 0,
      "CanSubmerge": false,
      "ChanceToStartSubmerged": 0,
      "ChaseTimeToSneaking": 0,
      "EvadeRange": 0,
      "IlluminationTimeToEvade": 0,
      "MaxAttackRange": 0,
      "MinAttackRange": 0,
      "VisionConeAngle": 0,
      "VisionConeRange": 0
    },
    "BeastieCharacteristicsName": "GenericSwimmer",
    "CombatAttackNames": [
      "Ram05",
      "RoarMedium"
    ],
    "CombatItems": [],
    "Crew": 0,
    "Description": "",
    "DormantBehaviour": "Wandering",
    "GleamValue": 0,
    "Hull": 0,
    "HumanName": "东方鮟鱇蟹",
    "KillQualityEventId": 171450,
    "Life": 300,
    "LootPrefabName": "Blood",
    "MovementSpeed": 11,
    "Name": "EasternAnglerCrab",
    "Neutral": false,
    "PacifyEventId": 0,
    "ParentSpawnPoint": null,
    "PrefabName": "Fierce/Organic/AnglerCrabBlue",
    "RotationSpeed": 1,
    "StartCombatEventId": 0
  },
  {
    "AwareBehaviour": "HuntingPlus",
    "BeastieCharacteristics": {
      "AwarenessRange": 0,
      "CanSubmerge": false,
      "ChanceToStartSubmerged": 0,
      "ChaseTimeToSneaking": 0,
      "EvadeRange": 0,
      "IlluminationTimeToEvade": 0,
      "MaxAttackRange": 0,
      "MinAttackRange": 0,
      "VisionConeAngle": 0,
      "VisionConeRange": 0
    },
    "BeastieCharacteristicsName": "GenericShip",
    "CombatAttackNames": [
      "DeckSalvo03",
      "ForwardSalvoStagger"
    ],
    "CombatItems": [],
    "Crew": 30,
    "Description": "",
    "DormantBehaviour": "Wandering",
    "GleamValue": 0,
    "Hull": 300,
    "HumanName": "浮士德海盗",
    "KillQualityEventId": 171456,
    "Life": 0,
    "LootPrefabName": "Crates",
    "MovementSpeed": 14,
    "Name": "FausticCorsair",
    "Neutral": false,
    "PacifyEventId": 171462,
    "ParentSpawnPoint": null,
    "PrefabName": "Fierce/Ships/FausticCorsair",
    "RotationSpeed": 0.2,
    "StartCombatEventId": 0
  },
  {
    "AwareBehaviour": "HuntingPlus",
    "BeastieCharacteristics": {
      "AwarenessRange": 0,
      "CanSubmerge": false,
      "ChanceToStartSubmerged": 0,
      "ChaseTimeToSneaking": 0,
      "EvadeRange": 0,
      "IlluminationTimeToEvade": 0,
      "MaxAttackRange": 0,
      "MinAttackRange": 0,
      "VisionConeAngle": 0,
      "VisionConeRange": 0
    },
    "BeastieCharacteristicsName": "GenericShip",
    "CombatAttackNames": [
      "DeckSalvo03",
      "ForwardSalvo03"
    ],
    "CombatItems": [
      {
        "Name": "GloriousFlare",
        "Quantity": 2,
        "UseChance": 20
      }
    ],
    "Crew": 30,
    "Description": "",
    "DormantBehaviour": "Wandering",
    "GleamValue": 0,
    "Hull": 300,
    "HumanName": "辉煌护卫舰",
    "KillQualityEventId": 171470,
    "Life": 0,
    "LootPrefabName": "Crates",
    "MovementSpeed": 14,
    "Name": "GloriousFrigate",
    "Neutral": false,
    "PacifyEventId": 171475,
    "ParentSpawnPoint": null,
    "PrefabName": "Fierce/Ships/GloriousFrigate",
    "RotationSpeed": 0.2,
    "StartCombatEventId": 0
  },
  {
    "AwareBehaviour": "HuntingPlus",
    "BeastieCharacteristics": {
      "AwarenessRange": 0,
      "CanSubmerge": false,
      "ChanceToStartSubmerged": 0,
      "ChaseTimeToSneaking": 0,
      "EvadeRange": 0,
      "IlluminationTimeToEvade": 0,
      "MaxAttackRange": 0,
      "MinAttackRange": 0,
      "VisionConeAngle": 0,
      "VisionConeRange": 0
    },
    "BeastieCharacteristicsName": "GenericSwimmer",
    "CombatAttackNames": [
      "Ram06Swift"
    ],
    "CombatItems": [],
    "Crew": 0,
    "Description": "",
    "DormantBehaviour": "Wandering",
    "GleamValue": 0,
    "Hull": 0,
    "HumanName": "水母",
    "KillQualityEventId": 168000,
    "Life": 400,
    "LootPrefabName": "Blood",
    "MovementSpeed": 12,
    "Name": "Jillyfish",
    "Neutral": false,
    "PacifyEventId": 0,
    "ParentSpawnPoint": null,
    "PrefabName": "Fierce/Organic/Jillyfish",
    "RotationSpeed": 1,
    "StartCombatEventId": 0
  },
  {
    "AwareBehaviour": "HuntingPlus",
    "BeastieCharacteristics": {
      "AwarenessRange": 0,
      "CanSubmerge": false,
      "ChanceToStartSubmerged": 0,
      "ChaseTimeToSneaking": 0,
      "EvadeRange": 0,
      "IlluminationTimeToEvade": 0,
      "MaxAttackRange": 0,
      "MinAttackRange": 0,
      "VisionConeAngle": 0,
      "VisionConeRange": 0
    },
    "BeastieCharacteristicsName": "GenericMonster",
    "CombatAttackNames": [
      "Ram06"
    ],
    "CombatItems": [],
    "Crew": 0,
    "Description": "",
    "DormantBehaviour": "Wandering",
    "GleamValue": 0,
    "Hull": 0,
    "HumanName": "活冰山",
    "KillQualityEventId": 144296,
    "Life": 400,
    "LootPrefabName": "Blood",
    "MovementSpeed": 14,
    "Name": "Lifeberg",
    "Neutral": false,
    "PacifyEventId": 0,
    "ParentSpawnPoint": null,
    "PrefabName": "Fierce/Organic/Lifeberg",
    "RotationSpeed": 0.9,
    "StartCombatEventId": 0
  },
  {
    "AwareBehaviour": "HuntingPlus",
    "BeastieCharacteristics": {
      "AwarenessRange": 0,
      "CanSubmerge": false,
      "ChanceToStartSubmerged": 0,
      "ChaseTimeToSneaking": 0,
      "EvadeRange": 0,
      "IlluminationTimeToEvade": 0,
      "MaxAttackRange": 0,
      "MinAttackRange": 0,
      "VisionConeAngle": 0,
      "VisionConeRange": 0
    },
    "BeastieCharacteristicsName": "GenericShip",
    "CombatAttackNames": [
      "DeckSalvo04",
      "ForwardSalvo04",
      "AftSalvo01"
    ],
    "CombatItems": [],
    "Crew": 40,
    "Description": "",
    "DormantBehaviour": "Wandering",
    "GleamValue": 0,
    "Hull": 400,
    "HumanName": "共和国无畏舰",
    "KillQualityEventId": 144320,
    "Life": 0,
    "LootPrefabName": "Crates",
    "MovementSpeed": 14,
    "Name": "RepublicanDreadnought",
    "Neutral": false,
    "PacifyEventId": 171377,
    "ParentSpawnPoint": null,
    "PrefabName": "Fierce/Ships/RepublicanDreadnought",
    "RotationSpeed": 0.4,
    "StartCombatEventId": 0
  },
  {
    "AwareBehaviour": "HuntingPlus",
    "BeastieCharacteristics": {
      "AwarenessRange": 0,
      "CanSubmerge": false,
      "ChanceToStartSubmerged": 0,
      "ChaseTimeToSneaking": 0,
      "EvadeRange": 0,
      "IlluminationTimeToEvade": 0,
      "MaxAttackRange": 0,
      "MinAttackRange": 0,
      "VisionConeAngle": 0,
      "VisionConeRange": 0
    },
    "BeastieCharacteristicsName": "GenericMonster",
    "CombatAttackNames": [
      "Ram06",
      "Ram06Swift"
    ],
    "CombatItems": [],
    "Crew": 0,
    "Description": "",
    "DormantBehaviour": "Wandering",
    "GleamValue": 0,
    "Hull": 0,
    "HumanName": "暴君蛾",
    "KillQualityEventId": 173743,
    "Life": 500,
    "LootPrefabName": "Blood",
    "MovementSpeed": 12,
    "Name": "TyrantMoth",
    "Neutral": false,
    "PacifyEventId": 0,
    "ParentSpawnPoint": null,
    "PrefabName": "Fierce/Organic/TyrantMoth",
    "RotationSpeed": 1,
    "StartCombatEventId": 0
  },
  {
    "AwareBehaviour": "HuntingPlus",
    "BeastieCharacteristics": {
      "AwarenessRange": 0,
      "CanSubmerge": false,
      "ChanceToStartSubmerged": 0,
      "ChaseTimeToSneaking": 0,
      "EvadeRange": 0,
      "IlluminationTimeToEvade": 0,
      "MaxAttackRange": 0,
      "MinAttackRange": 0,
      "VisionConeAngle": 0,
      "VisionConeRange": 0
    },
    "BeastieCharacteristicsName": "GenericMonster",
    "CombatAttackNames": [
      "Ram07Terror"
    ],
    "CombatItems": [],
    "Crew": 0,
    "Description": "",
    "DormantBehaviour": "Wandering",
    "GleamValue": 0,
    "Hull": 0,
    "HumanName": "蓝色先知",
    "KillQualityEventId": 171490,
    "Life": 400,
    "LootPrefabName": "Blood",
    "MovementSpeed": 21,
    "Name": "BlueProphets",
    "Neutral": false,
    "PacifyEventId": 0,
    "ParentSpawnPoint": null,
    "PrefabName": "Fierce/Organic/BlueProphets",
    "RotationSpeed": 0.9,
    "StartCombatEventId": 0
  },
  {
    "AwareBehaviour": "HuntingPlus",
    "BeastieCharacteristics": {
      "AwarenessRange": 0,
      "CanSubmerge": false,
      "ChanceToStartSubmerged": 0,
      "ChaseTimeToSneaking": 0,
      "EvadeRange": 0,
      "IlluminationTimeToEvade": 0,
      "MaxAttackRange": 0,
      "MinAttackRange": 0,
      "VisionConeAngle": 0,
      "VisionConeRange": 0
    },
    "BeastieCharacteristicsName": "GenericMonster",
    "CombatAttackNames": [
      "Ram07Supplies"
    ],
    "CombatItems": [],
    "Crew": 0,
    "Description": "",
    "DormantBehaviour": "Wandering",
    "GleamValue": 0,
    "Hull": 0,
    "HumanName": "衣帽商蝙蝠",
    "KillQualityEventId": 153154,
    "Life": 460,
    "LootPrefabName": "Blood",
    "MovementSpeed": 18,
    "Name": "MillinerBats",
    "Neutral": false,
    "PacifyEventId": 0,
    "ParentSpawnPoint": null,
    "PrefabName": "Fierce/Organic/MillinerBats",
    "RotationSpeed": 0.9,
    "StartCombatEventId": 0
  },
  {
    "AwareBehaviour": "HuntingPlus",
    "BeastieCharacteristics": {
      "AwarenessRange": 0,
      "CanSubmerge": false,
      "ChanceToStartSubmerged": 0,
      "ChaseTimeToSneaking": 0,
      "EvadeRange": 0,
      "IlluminationTimeToEvade": 0,
      "MaxAttackRange": 0,
      "MinAttackRange": 0,
      "VisionConeAngle": 0,
      "VisionConeRange": 0
    },
    "BeastieCharacteristicsName": "GenericShip",
    "CombatAttackNames": [
      "DeckSalvo05",
      "ForwardSalvo05",
      "AftSalvo02"
    ],
    "CombatItems": [
      {
        "Name": "GloriousFlare",
        "Quantity": 4,
        "UseChance": 20
      }
    ],
    "Crew": 50,
    "Description": "",
    "DormantBehaviour": "Wandering",
    "GleamValue": 0,
    "Hull": 500,
    "HumanName": "辉煌无畏舰",
    "KillQualityEventId": 144312,
    "Life": 0,
    "LootPrefabName": "Crates",
    "MovementSpeed": 14,
    "Name": "GloriousDreadnought",
    "Neutral": false,
    "PacifyEventId": 171372,
    "ParentSpawnPoint": null,
    "PrefabName": "Fierce/Ships/GloriousDreadnought",
    "RotationSpeed": 0.2,
    "StartCombatEventId": 0
  },
  {
    "AwareBehaviour": "HuntingPlus",
    "BeastieCharacteristics": {
      "AwarenessRange": 0,
      "CanSubmerge": false,
      "ChanceToStartSubmerged": 0,
      "ChaseTimeToSneaking": 0,
      "EvadeRange": 0,
      "IlluminationTimeToEvade": 0,
      "MaxAttackRange": 0,
      "MinAttackRange": 0,
      "VisionConeAngle": 0,
      "VisionConeRange": 0
    },
    "BeastieCharacteristicsName": "GenericShip",
    "CombatAttackNames": [
      "DeckSalvo05",
      "ForwardSalvo05",
      "AftSalvo02"
    ],
    "CombatItems": [],
    "Crew": 50,
    "Description": "",
    "DormantBehaviour": "Wandering",
    "GleamValue": 0,
    "Hull": 500,
    "HumanName": "捕魂者",
    "KillQualityEventId": 150216,
    "Life": 0,
    "LootPrefabName": "Crates",
    "MovementSpeed": 14,
    "Name": "Soultaker",
    "Neutral": false,
    "PacifyEventId": 150216,
    "ParentSpawnPoint": null,
    "PrefabName": "Fierce/Ships/FausticCorsair",
    "RotationSpeed": 0.2,
    "StartCombatEventId": 0
  },
  {
    "AwareBehaviour": "HuntingPlus",
    "BeastieCharacteristics": {
      "AwarenessRange": 0,
      "CanSubmerge": false,
      "ChanceToStartSubmerged": 0,
      "ChaseTimeToSneaking": 0,
      "EvadeRange": 0,
      "IlluminationTimeToEvade": 0,
      "MaxAttackRange": 0,
      "MinAttackRange": 0,
      "VisionConeAngle": 0,
      "VisionConeRange": 0
    },
    "BeastieCharacteristicsName": "GenericSwimmer",
    "CombatAttackNames": [
      "Ram08"
    ],
    "CombatItems": [],
    "Crew": 0,
    "Description": "",
    "DormantBehaviour": "Wandering",
    "GleamValue": 0,
    "Hull": 0,
    "HumanName": "年长鮟鱇蟹",
    "KillQualityEventId": 171495,
    "Life": 600,
    "LootPrefabName": "Blood",
    "MovementSpeed": 10,
    "Name": "ElderAnglerCrab",
    "Neutral": false,
    "PacifyEventId": 0,
    "ParentSpawnPoint": null,
    "PrefabName": "Fierce/Organic/ElderAnglerCrab",
    "RotationSpeed": 1,
    "StartCombatEventId": 0
  },
  {
    "AwareBehaviour": "HuntingPlus",
    "BeastieCharacteristics": {
      "AwarenessRange": 0,
      "CanSubmerge": false,
      "ChanceToStartSubmerged": 0,
      "ChaseTimeToSneaking": 0,
      "EvadeRange": 0,
      "IlluminationTimeToEvade": 0,
      "MaxAttackRange": 0,
      "MinAttackRange": 0,
      "VisionConeAngle": 0,
      "VisionConeRange": 0
    },
    "BeastieCharacteristicsName": "GenericSwimmer",
    "CombatAttackNames": [
      "Ram05",
      "LornFlukeTalk"
    ],
    "CombatItems": [],
    "Crew": 0,
    "Description": "",
    "DormantBehaviour": "Wandering",
    "GleamValue": 0,
    "Hull": 0,
    "HumanName": "孤独锚爪海胆",
    "KillQualityEventId": 144304,
    "Life": 600,
    "LootPrefabName": "Blood",
    "MovementSpeed": 11,
    "Name": "LornFluke",
    "Neutral": false,
    "PacifyEventId": 0,
    "ParentSpawnPoint": null,
    "PrefabName": "Fierce/Organic/LornFluke",
    "RotationSpeed": 1,
    "StartCombatEventId": 0
  },
  {
    "AwareBehaviour": "HuntingPlus",
    "BeastieCharacteristics": {
      "AwarenessRange": 0,
      "CanSubmerge": false,
      "ChanceToStartSubmerged": 0,
      "ChaseTimeToSneaking": 0,
      "EvadeRange": 0,
      "IlluminationTimeToEvade": 0,
      "MaxAttackRange": 0,
      "MinAttackRange": 0,
      "VisionConeAngle": 0,
      "VisionConeRange": 0
    },
    "BeastieCharacteristicsName": "GenericShip",
    "CombatAttackNames": [
      "DeckSalvo06",
      "ForwardSalvo06",
      "AftSalvo02"
    ],
    "CombatItems": [],
    "Crew": 77,
    "Description": "",
    "DormantBehaviour": "Wandering",
    "GleamValue": 0,
    "Hull": 700,
    "HumanName": "食名者",
    "KillQualityEventId": 153582,
    "Life": 0,
    "LootPrefabName": "Crates",
    "MovementSpeed": 12,
    "Name": "EaterOfNames",
    "Neutral": false,
    "PacifyEventId": 182154,
    "ParentSpawnPoint": null,
    "PrefabName": "Fierce/Ships/EaterOfNames",
    "RotationSpeed": 0.6,
    "StartCombatEventId": 0
  },
  {
    "AwareBehaviour": "HuntingPlus",
    "BeastieCharacteristics": {
      "AwarenessRange": 0,
      "CanSubmerge": false,
      "ChanceToStartSubmerged": 0,
      "ChaseTimeToSneaking": 0,
      "EvadeRange": 0,
      "IlluminationTimeToEvade": 0,
      "MaxAttackRange": 0,
      "MinAttackRange": 0,
      "VisionConeAngle": 0,
      "VisionConeRange": 0
    },
    "BeastieCharacteristicsName": "GenericSwimmer",
    "CombatAttackNames": [
      "Ram05",
      "LornFlukeTalk"
    ],
    "CombatItems": [],
    "Crew": 0,
    "Description": "",
    "DormantBehaviour": "Wandering",
    "GleamValue": 0,
    "Hull": 0,
    "HumanName": "狂野锚爪海胆",
    "KillQualityEventId": 144304,
    "Life": 750,
    "LootPrefabName": "Blood",
    "MovementSpeed": 11,
    "Name": "SavageLornFluke",
    "Neutral": false,
    "PacifyEventId": 0,
    "ParentSpawnPoint": null,
    "PrefabName": "Fierce/Organic/LornFluke",
    "RotationSpeed": 1,
    "StartCombatEventId": 0
  },
  {
    "AwareBehaviour": "HuntingPlus",
    "BeastieCharacteristics": {
      "AwarenessRange": 0,
      "CanSubmerge": false,
      "ChanceToStartSubmerged": 0,
      "ChaseTimeToSneaking": 0,
      "EvadeRange": 0,
      "IlluminationTimeToEvade": 0,
      "MaxAttackRange": 0,
      "MinAttackRange": 0,
      "VisionConeAngle": 0,
      "VisionConeRange": 0
    },
    "BeastieCharacteristicsName": "GenericMonster",
    "CombatAttackNames": [
      "NomadRam",
      "NomadTalk"
    ],
    "CombatItems": [],
    "Crew": 0,
    "Description": "",
    "DormantBehaviour": "Wandering",
    "GleamValue": 0,
    "Hull": 0,
    "HumanName": "流浪之山",
    "KillQualityEventId": 144300,
    "Life": 1000,
    "LootPrefabName": "Crates",
    "MovementSpeed": 12,
    "Name": "MtNomad",
    "Neutral": false,
    "PacifyEventId": 0,
    "ParentSpawnPoint": null,
    "PrefabName": "Fierce/Organic/MtNomad",
    "RotationSpeed": 0.7,
    "StartCombatEventId": 0
  },
  {
    "AwareBehaviour": "HuntingPlus",
    "BeastieCharacteristics": {
      "AwarenessRange": 0,
      "CanSubmerge": false,
      "ChanceToStartSubmerged": 0,
      "ChaseTimeToSneaking": 0,
      "EvadeRange": 0,
      "IlluminationTimeToEvade": 0,
      "MaxAttackRange": 0,
      "MinAttackRange": 0,
      "VisionConeAngle": 0,
      "VisionConeRange": 0
    },
    "BeastieCharacteristicsName": "GenericSwimmer",
    "CombatAttackNames": [
      "RammingAttack"
    ],
    "CombatItems": [],
    "Crew": 0,
    "Description": "",
    "DormantBehaviour": "Wandering",
    "GleamValue": 0,
    "Hull": 0,
    "HumanName": "午夜鲸",
    "KillQualityEventId": 150216,
    "Life": 0,
    "LootPrefabName": "Blood",
    "MovementSpeed": 14,
    "Name": "MidnightWhale",
    "Neutral": false,
    "PacifyEventId": 0,
    "ParentSpawnPoint": null,
    "PrefabName": "Fierce/Organic/MidnightWhale",
    "RotationSpeed": 0.9,
    "StartCombatEventId": 0
  },
  {
    "AwareBehaviour": "HuntingPlus",
    "BeastieCharacteristics": {
      "AwarenessRange": 0,
      "CanSubmerge": false,
      "ChanceToStartSubmerged": 0,
      "ChaseTimeToSneaking": 0,
      "EvadeRange": 0,
      "IlluminationTimeToEvade": 0,
      "MaxAttackRange": 0,
      "MinAttackRange": 0,
      "VisionConeAngle": 0,
      "VisionConeRange": 0
    },
    "BeastieCharacteristicsName": "GenericMonster",
    "CombatAttackNames": [
      "TreeAgesRam",
      "TreeAgesSpit"
    ],
    "CombatItems": [],
    "Crew": 0,
    "Description": "",
    "DormantBehaviour": "Wandering",
    "GleamValue": 0,
    "Hull": 0,
    "HumanName": "世纪之树",
    "KillQualityEventId": 153574,
    "Life": 900,
    "LootPrefabName": "Blood",
    "MovementSpeed": 14,
    "Name": "TreeOfAges",
    "Neutral": false,
    "PacifyEventId": 0,
    "ParentSpawnPoint": null,
    "PrefabName": "Fierce/Organic/TreeofAges",
    "RotationSpeed": 0.3,
    "StartCombatEventId": 0
  },
  {
    "AwareBehaviour": "HuntingPlus",
    "BeastieCharacteristics": {
      "AwarenessRange": 0,
      "CanSubmerge": false,
      "ChanceToStartSubmerged": 0,
      "ChaseTimeToSneaking": 0,
      "EvadeRange": 0,
      "IlluminationTimeToEvade": 0,
      "MaxAttackRange": 0,
      "MinAttackRange": 0,
      "VisionConeAngle": 0,
      "VisionConeRange": 0
    },
    "BeastieCharacteristicsName": "GenericShip",
    "CombatAttackNames": [
      "DeckSalvo03"
    ],
    "CombatItems": [],
    "Crew": 15,
    "Description": "",
    "DormantBehaviour": "Shuttling",
    "GleamValue": 1,
    "Hull": 130,
    "HumanName": "货运轮船",
    "KillQualityEventId": 174353,
    "Life": 0,
    "LootPrefabName": "Crates",
    "MovementSpeed": 16,
    "Name": "TraderTrampSteamer",
    "Neutral": true,
    "PacifyEventId": 174333,
    "ParentSpawnPoint": null,
    "PrefabName": "Neutral/Ships/MerchantTrampSteamer",
    "RotationSpeed": 0.2,
    "StartCombatEventId": 0
  },
  {
    "AwareBehaviour": "HuntingPlus",
    "BeastieCharacteristics": {
      "AwarenessRange": 0,
      "CanSubmerge": false,
      "ChanceToStartSubmerged": 0,
      "ChaseTimeToSneaking": 0,
      "EvadeRange": 0,
      "IlluminationTimeToEvade": 0,
      "MaxAttackRange": 0,
      "MinAttackRange": 0,
      "VisionConeAngle": 0,
      "VisionConeRange": 0
    },
    "BeastieCharacteristicsName": "GenericShip",
    "CombatAttackNames": [
      "DeckSalvo03",
      "ForwardSalvo03"
    ],
    "CombatItems": [],
    "Crew": 30,
    "Description": "",
    "DormantBehaviour": "Shuttling",
    "GleamValue": 1,
    "Hull": 300,
    "HumanName": "卡利戈级巡洋舰",
    "KillQualityEventId": 174347,
    "Life": 0,
    "LootPrefabName": "Crates",
    "MovementSpeed": 14,
    "Name": "TraderCaligo",
    "Neutral": true,
    "PacifyEventId": 174339,
    "ParentSpawnPoint": null,
    "PrefabName": "Neutral/Ships/MerchantTrampSteamer",
    "RotationSpeed": 0.3,
    "StartCombatEventId": 0
  },
  {
    "AwareBehaviour": "HuntingPlus",
    "BeastieCharacteristics": {
      "AwarenessRange": 0,
      "CanSubmerge": false,
      "ChanceToStartSubmerged": 0,
      "ChaseTimeToSneaking": 0,
      "EvadeRange": 0,
      "IlluminationTimeToEvade": 0,
      "MaxAttackRange": 0,
      "MinAttackRange": 0,
      "VisionConeAngle": 0,
      "VisionConeRange": 0
    },
    "BeastieCharacteristicsName": "GenericShip",
    "CombatAttackNames": [
      "PirateSalvo01",
      "PirateSalvo02"
    ],
    "CombatItems": [
      {
        "Name": "PirateFlare",
        "Quantity": 6,
        "UseChance": 40
      }
    ],
    "Crew": 16,
    "Description": "",
    "DormantBehaviour": "Wandering",
    "GleamValue": 0,
    "Hull": 180,
    "HumanName": "阿尔凯奥斯级护卫舰",
    "KillQualityEventId": 192726,
    "Life": 0,
    "LootPrefabName": "Crates",
    "MovementSpeed": 24,
    "Name": "Corvette",
    "Neutral": false,
    "PacifyEventId": 192726,
    "ParentSpawnPoint": null,
    "PrefabName": "Fierce/Ships/PirateSteamPinnace",
    "RotationSpeed": 0.5,
    "StartCombatEventId": 0
  },
  {
    "AwareBehaviour": "HuntingPlus",
    "BeastieCharacteristics": {
      "AwarenessRange": 0,
      "CanSubmerge": false,
      "ChanceToStartSubmerged": 0,
      "ChaseTimeToSneaking": 0,
      "EvadeRange": 0,
      "IlluminationTimeToEvade": 0,
      "MaxAttackRange": 0,
      "MinAttackRange": 0,
      "VisionConeAngle": 0,
      "VisionConeRange": 0
    },
    "BeastieCharacteristicsName": "GenericMonster",
    "CombatAttackNames": [
      "ZubRam03"
    ],
    "CombatItems": [],
    "Crew": 0,
    "Description": "",
    "DormantBehaviour": "Static",
    "GleamValue": 0,
    "Hull": 0,
    "HumanName": "三角鬼",
    "KillQualityEventId": 236749,
    "Life": 260,
    "LootPrefabName": "Blood",
    "MovementSpeed": 14,
    "Name": "Triskelegant",
    "Neutral": false,
    "PacifyEventId": 0,
    "ParentSpawnPoint": null,
    "PrefabName": "Fierce/Organic/Triskelegant",
    "RotationSpeed": 0.9,
    "StartCombatEventId": 0
  },
  {
    "AwareBehaviour": "HuntingPlus",
    "BeastieCharacteristics": {
      "AwarenessRange": 0,
      "CanSubmerge": false,
      "ChanceToStartSubmerged": 0,
      "ChaseTimeToSneaking": 0,
      "EvadeRange": 0,
      "IlluminationTimeToEvade": 0,
      "MaxAttackRange": 0,
      "MinAttackRange": 0,
      "VisionConeAngle": 0,
      "VisionConeRange": 0
    },
    "BeastieCharacteristicsName": "GenericMonster",
    "CombatAttackNames": [
      "ZubRam01"
    ],
    "CombatItems": [],
    "Crew": 0,
    "Description": "",
    "DormantBehaviour": "Wandering",
    "GleamValue": 0,
    "Hull": 0,
    "HumanName": "挚爱",
    "KillQualityEventId": 236751,
    "Life": 180,
    "LootPrefabName": "Blood",
    "MovementSpeed": 8,
    "Name": "Beloved",
    "Neutral": true,
    "PacifyEventId": 0,
    "ParentSpawnPoint": null,
    "PrefabName": "Fierce/Organic/Beloved",
    "RotationSpeed": 0.8,
    "StartCombatEventId": 0
  },
  {
    "AwareBehaviour": "HuntingPlus",
    "BeastieCharacteristics": {
      "AwarenessRange": 0,
      "CanSubmerge": false,
      "ChanceToStartSubmerged": 0,
      "ChaseTimeToSneaking": 0,
      "EvadeRange": 0,
      "IlluminationTimeToEvade": 0,
      "MaxAttackRange": 0,
      "MinAttackRange": 0,
      "VisionConeAngle": 0,
      "VisionConeRange": 0
    },
    "BeastieCharacteristicsName": "GenericMonster",
    "CombatAttackNames": [
      "Ram05",
      "LornFlukeTalk"
    ],
    "CombatItems": [],
    "Crew": 0,
    "Description": "",
    "DormantBehaviour": "Static",
    "GleamValue": 0,
    "Hull": 0,
    "HumanName": "最孤独的海胆",
    "KillQualityEventId": 242603,
    "Life": 350,
    "LootPrefabName": "Blood",
    "MovementSpeed": 12,
    "Name": "LornestFluke",
    "Neutral": false,
    "PacifyEventId": 0,
    "ParentSpawnPoint": null,
    "PrefabName": "Fierce/Organic/LornestFluke",
    "RotationSpeed": 1,
    "StartCombatEventId": 0
  },
  {
    "AwareBehaviour": "HuntingPlus",
    "BeastieCharacteristics": {
      "AwarenessRange": 0,
      "CanSubmerge": false,
      "ChanceToStartSubmerged": 0,
      "ChaseTimeToSneaking": 0,
      "EvadeRange": 0,
      "IlluminationTimeToEvade": 0,
      "MaxAttackRange": 0,
      "MinAttackRange": 0,
      "VisionConeAngle": 0,
      "VisionConeRange": 0
    },
    "BeastieCharacteristicsName": "GenericMonster",
    "CombatAttackNames": [
      "ZubRam04",
      "AcidSalvo01"
    ],
    "CombatItems": [],
    "Crew": 0,
    "Description": "",
    "DormantBehaviour": "Wandering",
    "GleamValue": 0,
    "Hull": 0,
    "HumanName": "塔络",
    "KillQualityEventId": 236756,
    "Life": 420,
    "LootPrefabName": "Blood",
    "MovementSpeed": 12,
    "Name": "Thalatte",
    "Neutral": false,
    "PacifyEventId": 0,
    "ParentSpawnPoint": null,
    "PrefabName": "Fierce/Organic/Thalatte",
    "RotationSpeed": 1,
    "StartCombatEventId": 0
  },
  {
    "AwareBehaviour": "HuntingPlus",
    "BeastieCharacteristics": {
      "AwarenessRange": 0,
      "CanSubmerge": false,
      "ChanceToStartSubmerged": 0,
      "ChaseTimeToSneaking": 0,
      "EvadeRange": 0,
      "IlluminationTimeToEvade": 0,
      "MaxAttackRange": 0,
      "MinAttackRange": 0,
      "VisionConeAngle": 0,
      "VisionConeRange": 0
    },
    "BeastieCharacteristicsName": "GenericMonster",
    "CombatAttackNames": [
      "ZubRam05",
      "DawnFlukeTalk"
    ],
    "CombatItems": [],
    "Crew": 0,
    "Description": "",
    "DormantBehaviour": "Wandering",
    "GleamValue": 0,
    "Hull": 0,
    "HumanName": "黎明海胆",
    "KillQualityEventId": 242601,
    "Life": 500,
    "LootPrefabName": "Blood",
    "MovementSpeed": 12,
    "Name": "DawnFluke",
    "Neutral": false,
    "PacifyEventId": 0,
    "ParentSpawnPoint": null,
    "PrefabName": "Fierce/Organic/DawnFluke",
    "RotationSpeed": 1,
    "StartCombatEventId": 0
  },
  {
    "AwareBehaviour": "HuntingPlus",
    "BeastieCharacteristics": {
      "AwarenessRange": 0,
      "CanSubmerge": false,
      "ChanceToStartSubmerged": 0,
      "ChaseTimeToSneaking": 0,
      "EvadeRange": 0,
      "IlluminationTimeToEvade": 0,
      "MaxAttackRange": 0,
      "MinAttackRange": 0,
      "VisionConeAngle": 0,
      "VisionConeRange": 0
    },
    "BeastieCharacteristicsName": "GenericMonster",
    "CombatAttackNames": [
      "ZubTerrorRam01"
    ],
    "CombatItems": [],
    "Crew": 0,
    "Description": "",
    "DormantBehaviour": "Static",
    "GleamValue": 0,
    "Hull": 0,
    "HumanName": "也不",
    "KillQualityEventId": 236763,
    "Life": 200,
    "LootPrefabName": "Blood",
    "MovementSpeed": 12,
    "Name": "Neither",
    "Neutral": false,
    "PacifyEventId": 0,
    "ParentSpawnPoint": null,
    "PrefabName": "Fierce/Organic/Neither",
    "RotationSpeed": 1,
    "StartCombatEventId": 0
  },
  {
    "AwareBehaviour": "HuntingPlus",
    "BeastieCharacteristics": {
      "AwarenessRange": 0,
      "CanSubmerge": false,
      "ChanceToStartSubmerged": 0,
      "ChaseTimeToSneaking": 0,
      "EvadeRange": 0,
      "IlluminationTimeToEvade": 0,
      "MaxAttackRange": 0,
      "MinAttackRange": 0,
      "VisionConeAngle": 0,
      "VisionConeRange": 0
    },
    "BeastieCharacteristicsName": "GenericMonster",
    "CombatAttackNames": [
      "ZubRam02"
    ],
    "CombatItems": [],
    "Crew": 0,
    "Description": "",
    "DormantBehaviour": "Wandering",
    "GleamValue": 0,
    "Hull": 0,
    "HumanName": "被缚者",
    "KillQualityEventId": 242593,
    "Life": 220,
    "LootPrefabName": "Blood",
    "MovementSpeed": 12,
    "Name": "Boundling",
    "Neutral": false,
    "PacifyEventId": 0,
    "ParentSpawnPoint": null,
    "PrefabName": "Fierce/Organic/Boundling",
    "RotationSpeed": 1,
    "StartCombatEventId": 0
  },
  {
    "AwareBehaviour": "HuntingPlus",
    "BeastieCharacteristics": null,
    "BeastieCharacteristicsName": "GenericMonster",
    "CombatAttackNames": [
      "CompanionRam",
      "GrubSalvo01"
    ],
    "CombatItems": [],
    "Crew": 0,
    "Description": "",
    "DormantBehaviour": "HuntingPlus",
    "GleamValue": 0,
    "Hull": 0,
    "HumanName": "挥之不去",
    "KillQualityEventId": 242599,
    "Life": 750,
    "LootPrefabName": "Blood",
    "MovementSpeed": 16,
    "Name": "ConstantCompanion",
    "Neutral": false,
    "PacifyEventId": 0,
    "ParentSpawnPoint": null,
    "PrefabName": "Fierce/Organic/ConstantCompanion",
    "RotationSpeed": 1.2,
    "StartCombatEventId": 0
  },
  {
    "AwareBehaviour": "HuntingPlus",
    "BeastieCharacteristics": {
      "AwarenessRange": 0,
      "CanSubmerge": false,
      "ChanceToStartSubmerged": 0,
      "ChaseTimeToSneaking": 0,
      "EvadeRange": 0,
      "IlluminationTimeToEvade": 0,
      "MaxAttackRange": 0,
      "MinAttackRange": 0,
      "VisionConeAngle": 0,
      "VisionConeRange": 0
    },
    "BeastieCharacteristicsName": "GenericShip",
    "CombatAttackNames": [
      "ZubSalvo01"
    ],
    "CombatItems": [],
    "Crew": 5,
    "Description": "",
    "DormantBehaviour": "Static",
    "GleamValue": 0,
    "Hull": 30,
    "HumanName": "海盗水底大船",
    "KillQualityEventId": 242591,
    "Life": 0,
    "LootPrefabName": "Crates",
    "MovementSpeed": 18,
    "Name": "Undergalley",
    "Neutral": false,
    "PacifyEventId": 0,
    "ParentSpawnPoint": null,
    "PrefabName": "Fierce/Ships/Undergalley",
    "RotationSpeed": 0.6,
    "StartCombatEventId": 0
  },
  {
    "AwareBehaviour": "HuntingPlus",
    "BeastieCharacteristics": {
      "AwarenessRange": 0,
      "CanSubmerge": false,
      "ChanceToStartSubmerged": 0,
      "ChaseTimeToSneaking": 0,
      "EvadeRange": 0,
      "IlluminationTimeToEvade": 0,
      "MaxAttackRange": 0,
      "MinAttackRange": 0,
      "VisionConeAngle": 0,
      "VisionConeRange": 0
    },
    "BeastieCharacteristicsName": "GenericShip",
    "CombatAttackNames": [
      "ZubSalvo02"
    ],
    "CombatItems": [],
    "Crew": 8,
    "Description": "",
    "DormantBehaviour": "Wandering",
    "GleamValue": 0,
    "Hull": 120,
    "HumanName": "游荡马驹",
    "KillQualityEventId": 242595,
    "Life": 0,
    "LootPrefabName": "Crates",
    "MovementSpeed": 18,
    "Name": "Putterpony",
    "Neutral": true,
    "PacifyEventId": 0,
    "ParentSpawnPoint": null,
    "PrefabName": "Fierce/Ships/Putterpony",
    "RotationSpeed": 0.6,
    "StartCombatEventId": 0
  },
  {
    "AwareBehaviour": "HuntingPlus",
    "BeastieCharacteristics": {
      "AwarenessRange": 0,
      "CanSubmerge": false,
      "ChanceToStartSubmerged": 0,
      "ChaseTimeToSneaking": 0,
      "EvadeRange": 0,
      "IlluminationTimeToEvade": 0,
      "MaxAttackRange": 0,
      "MinAttackRange": 0,
      "VisionConeAngle": 0,
      "VisionConeRange": 0
    },
    "BeastieCharacteristicsName": "GenericShip",
    "CombatAttackNames": [
      "ZubSalvo03"
    ],
    "CombatItems": [],
    "Crew": 25,
    "Description": "",
    "DormantBehaviour": "Static",
    "GleamValue": 0,
    "Hull": 260,
    "HumanName": "墟船",
    "KillQualityEventId": 236758,
    "Life": 0,
    "LootPrefabName": "Crates",
    "MovementSpeed": 14,
    "Name": "Wreckship",
    "Neutral": false,
    "PacifyEventId": 0,
    "ParentSpawnPoint": null,
    "PrefabName": "Fierce/Ships/Wreckship",
    "RotationSpeed": 0.6,
    "StartCombatEventId": 0
  },
  {
    "AwareBehaviour": "HuntingPlus",
    "BeastieCharacteristics": {
      "AwarenessRange": 0,
      "CanSubmerge": false,
      "ChanceToStartSubmerged": 0,
      "ChaseTimeToSneaking": 0,
      "EvadeRange": 0,
      "IlluminationTimeToEvade": 0,
      "MaxAttackRange": 0,
      "MinAttackRange": 0,
      "VisionConeAngle": 0,
      "VisionConeRange": 0
    },
    "BeastieCharacteristicsName": "GenericShip",
    "CombatAttackNames": [
      "ZubSalvo04"
    ],
    "CombatItems": [],
    "Crew": 40,
    "Description": "",
    "DormantBehaviour": "Wandering",
    "GleamValue": 0,
    "Hull": 300,
    "HumanName": "汗国潜艇",
    "KillQualityEventId": 242597,
    "Life": 0,
    "LootPrefabName": "Crates",
    "MovementSpeed": 14,
    "Name": "KhanateSubmarine",
    "Neutral": false,
    "PacifyEventId": 0,
    "ParentSpawnPoint": null,
    "PrefabName": "Fierce/Ships/KhanateSub",
    "RotationSpeed": 0.8,
    "StartCombatEventId": 0
  },
  {
    "AwareBehaviour": "HuntingPlus",
    "BeastieCharacteristics": {
      "AwarenessRange": 0,
      "CanSubmerge": false,
      "ChanceToStartSubmerged": 0,
      "ChaseTimeToSneaking": 0,
      "EvadeRange": 0,
      "IlluminationTimeToEvade": 0,
      "MaxAttackRange": 0,
      "MinAttackRange": 0,
      "VisionConeAngle": 0,
      "VisionConeRange": 0
    },
    "BeastieCharacteristicsName": "GenericShip",
    "CombatAttackNames": [
      "VioletSalvo01"
    ],
    "CombatItems": [],
    "Crew": 50,
    "Description": "",
    "DormantBehaviour": "Static",
    "GleamValue": 0,
    "Hull": 400,
    "HumanName": "不驯号",
    "KillQualityEventId": 236761,
    "Life": 0,
    "LootPrefabName": "Crates",
    "MovementSpeed": 14,
    "Name": "TheIrrepressible",
    "Neutral": false,
    "PacifyEventId": 0,
    "ParentSpawnPoint": null,
    "PrefabName": "Fierce/Ships/Irrepressible",
    "RotationSpeed": 0.6,
    "StartCombatEventId": 0
  }
]