[
  {
    "DeniedAlternatives": [],
    "Files": {
      "entities/areas.json": [
        "/41/Name"
      ]
    },
    "Texts": {
      "Eng": "---?"
    }
  },
  {
    "DeniedAlternatives": [],
    "Files": {
      "entities/areas.json": [
        "/35/Description",
        "/35/Name"
      ]
    },
    "Texts": {
      "Eng": "--?"
    }
  },
  {
    "DeniedAlternatives": [],
    "Files": {
      "entities/areas.json": [
        "/10/Description"
      ]
    },
    "Texts": {
      "Chs": "一个盐滩旁的寒冷城市.",
      "Eng": "A chilly city beside a waste of salt."
    }
  },
  {
    "DeniedAlternatives": [],
    "Files": {
      "entities/areas.json": [
        "/15/Description"
      ]
    },
    "Texts": {
      "Chs": "远方的歌声就像海市蜃楼一样.",
      "Eng": "A distant song like a mirage."
    }
  },
  {
    "DeniedAlternatives": [],
    "Files": {
      "entities/areas.json": [
        "/7/Description"
      ]
    },
    "Texts": {
      "Chs": "一片炎热的真菌森林.",
      "Eng": "A fervid forest of fungus."
    }
  },
  {
    "DeniedAlternatives": [],
    "Files": {
      "entities/areas.json": [
        "/19/Description"
      ]
    },
    "Texts": {
      "Chs": "一个宏伟而孤立的地方.",
      "Eng": "A place of stately isolation"
    }
  },
  {
    "DeniedAlternatives": [],
    "Files": {
      "entities/areas.json": [
        "/32/Description"
      ]
    },
    "Texts": {
      "Chs": "一个安静的岛屿;一幢古老的大屋.",
      "Eng": "A quiet isle; a grand old house."
    }
  },
  {
    "DeniedAlternatives": [],
    "Files": {
      "entities/areas.json": [
        "/12/Description"
      ]
    },
    "Texts": {
      "Chs": "一个和最荒诞不经的梦里出现的一样大的龟壳?",
      "Eng": "A shell as big as a wild dream?"
    }
  },
  {
    "DeniedAlternatives": [],
    "Files": {
      "entities/areas.json": [
        "/25/Description"
      ]
    },
    "Texts": {
      "Chs": "没有光源,但是你确定这里发着银色的光.对游戏玩家来说这里是天堂.",
      "Eng": "A sourceless silver glow. A haven for players of games."
    }
  },
  {
    "DeniedAlternatives": [],
    "Files": {
      "entities/areas.json": [
        "/14/Description"
      ]
    },
    "Texts": {
      "Chs": "甜蜜而荒芜的气味还有野外的哭声.",
      "Eng": "A sweet wild scent and wilder cries."
    }
  },
  {
    "DeniedAlternatives": [],
    "Files": {
      "entities/areas.json": [
        "/64/MoveMessage",
        "/65/MoveMessage",
        "/66/MoveMessage",
        "/67/MoveMessage",
        "/68/MoveMessage",
        "/69/MoveMessage"
      ]
    },
    "Texts": {
      "Chs": "临近结局...",
      "Eng": "An ending approaches..."
    }
  },
  {
    "DeniedAlternatives": [],
    "Files": {
      "entities/areas.json": [
        "/42/Description"
      ]
    },
    "Texts": {
      "Chs": "答案之岛.",
      "Eng": "An isle of answers."
    }
  },
  {
    "DeniedAlternatives": [],
    "Files": {
      "entities/areas.json": [
        "/23/Description"
      ]
    },
    "Texts": {
      "Chs": "硫磺, 全是硫磺.",
      "Eng": "Brimstone. Always brimstone."
    }
  },
  {
    "DeniedAlternatives": [],
    "Files": {
      "entities/areas.json": [
        "/12/Name"
      ]
    },
    "Texts": {
      "Chs": "切洛内特",
      "Eng": "Chelonate"
    }
  },
  {
    "DeniedAlternatives": [],
    "Files": {
      "entities/areas.json": [
        "/24/Description"
      ]
    },
    "Texts": {
      "Chs": "信使, 勿归.",
      "Eng": "DO NOT RETURN, SENDER."
    }
  },
  {
    "DeniedAlternatives": [],
    "Files": {
      "entities/areas.json": [
        "/37/Name"
      ]
    },
    "Texts": {
      "Chs": "黎明机",
      "Eng": "Dawn Machine"
    }
  },
  {
    "DeniedAlternatives": [],
    "Files": {
      "entities/areas.json": [
        "/11/Description"
      ]
    },
    "Texts": {
      "Chs": "你听到了音乐没有?",
      "Eng": "Do you hear music?"
    }
  },
  {
    "DeniedAlternatives": [],
    "Files": {
      "entities/areas.json": [
        "/22/Description"
      ]
    },
    "Texts": {
      "Chs": "回声跟着你进入了柱廊.",
      "Eng": "Echoes stalk you through the colonnades."
    }
  },
  {
    "DeniedAlternatives": [],
    "Files": {
      "entities/areas.json": [
        "/0/Description"
      ]
    },
    "Texts": {
      "Chs": "沦敦! 幽深, 黑暗而不可思议. 所有的航行从这里开始: 所有成功的航行在这里结束.",
      "Eng": "FALLEN LONDON! Deep, dark and marvellous. All voyages start here: and this is where successful voyages end."
    }
  },
  {
    "DeniedAlternatives": [],
    "Files": {
      "entities/areas.json": [
        "/3/Description"
      ]
    },
    "Texts": {
      "Chs": "伦敦最后的皇家殖民地. 珍重.",
      "Eng": "Fallen London's sole Imperial possession. Treasure it."
    }
  },
  {
    "DeniedAlternatives": [],
    "Files": {
      "entities/areas.json": [
        "/48/Description"
      ]
    },
    "Texts": {
      "Chs": "远离家乡.",
      "Eng": "Far from home."
    }
  },
  {
    "DeniedAlternatives": [],
    "Files": {
      "entities/areas.json": [
        "/17/Name"
      ]
    },
    "Texts": {
      "Chs": "羽毛港",
      "Eng": "Featherhaven"
    }
  },
  {
    "DeniedAlternatives": [],
    "Files": {
      "entities/areas.json": [
        "/6/Description"
      ]
    },
    "Texts": {
      "Chs": "在沦敦, 死亡并非易事. 作为替代选择, 他们来到了这里.",
      "Eng": "Few die in Fallen London. They come here instead."
    }
  },
  {
    "DeniedAlternatives": [],
    "Files": {
      "entities/areas.json": [
        "/31/Description"
      ]
    },
    "Texts": {
      "Chs": "山腰上有火光...",
      "Eng": "Fires on the hillside..."
    }
  },
  {
    "DeniedAlternatives": [],
    "Files": {
      "entities/areas.json": [
        "/30/Description"
      ]
    },
    "Texts": {
      "Chs": "前有尖叫.",
      "Eng": "HERE IS SCREAMING."
    }
  },
  {
    "DeniedAlternatives": [],
    "Files": {
      "entities/areas.json": [
        "/36/Description"
      ]
    },
    "Texts": {
      "Chs": "你带了血肉的礼物吗?",
      "Eng": "Have you brought your gift of flesh?"
    }
  },
  {
    "DeniedAlternatives": [],
    "Files": {
      "entities/areas.json": [
        "/5/Description"
      ]
    },
    "Texts": {
      "Chs": "地狱的傀儡国. 小心点. 他们的法规不适用于人类和自然本身.",
      "Eng": "Hell's client-state. Be wary. Their laws are not the laws of Man or Nature."
    }
  },
  {
    "DeniedAlternatives": [],
    "Files": {
      "entities/areas.json": [
        "/44/Description"
      ]
    },
    "Texts": {
      "Chs": "冷酷的修女们在这里躲藏着.",
      "Eng": "Here the grim Sisters lair."
    }
  },
  {
    "DeniedAlternatives": [],
    "Files": {
      "entities/areas.json": [
        "/34/Description"
      ]
    },
    "Texts": {
      "Chs": "遮住你的脸! 一点都不要露出来.",
      "Eng": "Hide your face! Hide all your faces."
    }
  },
  {
    "DeniedAlternatives": [],
    "Files": {
      "entities/areas.json": [
        "/36/Name"
      ]
    },
    "Texts": {
      "Chs": "瘤节",
      "Eng": "Knot"
    }
  },
  {
    "DeniedAlternatives": [],
    "Files": {
      "entities/areas.json": [
        "/9/Name"
      ]
    },
    "Texts": {
      "Chs": "边境",
      "Eng": "Limbo"
    }
  },
  {
    "DeniedAlternatives": [],
    "Files": {
      "entities/areas.json": [
        "/20/Description"
      ]
    },
    "Texts": {
      "Chs": "伦敦的对头.",
      "Eng": "London's rival."
    }
  },
  {
    "DeniedAlternatives": [],
    "Files": {
      "entities/areas.json": [
        "/26/Description"
      ]
    },
    "Texts": {
      "Chs": "洛林港:以最有上进心的溺亡者命名.磷光生物发着绿光. 在这下面的某处,王等待着.",
      "Eng": "Lorkins Port: named for that most enterprising of Drownies. Phosphor-cells burn green. Somewhere below, the King waits."
    }
  },
  {
    "DeniedAlternatives": [],
    "Files": {
      "entities/areas.json": [
        "/18/Description"
      ]
    },
    "Texts": {
      "Chs": "从来都没人能真实的描述这个地方.",
      "Eng": "None have ever spoken truthfully of this place."
    }
  },
  {
    "DeniedAlternatives": [],
    "Files": {
      "entities/areas.json": [
        "/4/Description"
      ]
    },
    "Texts": {
      "Chs": "在不朽的遗迹之上,有蘑菇木建立的仓库和驿站.",
      "Eng": "On a bed of monumental ruins, warehouses and waystations of shroom-timber rise."
    }
  },
  {
    "DeniedAlternatives": [],
    "Files": {
      "entities/areas.json": [
        "/30/Name"
      ]
    },
    "Texts": {
      "Chs": "碎心国",
      "Eng": "POLYTHREME"
    }
  },
  {
    "DeniedAlternatives": [],
    "Files": {
      "entities/areas.json": [
        "/1/Name"
      ]
    },
    "Texts": {
      "Eng": "REUSE"
    }
  },
  {
    "DeniedAlternatives": [],
    "Files": {
      "entities/areas.json": [
        "/40/Name"
      ]
    },
    "Texts": {
      "Chs": "罗布兰",
      "Eng": "Robland"
    }
  },
  {
    "DeniedAlternatives": [],
    "Files": {
      "entities/areas.json": [
        "/27/Name"
      ]
    },
    "Texts": {
      "Chs": "盐狮",
      "Eng": "Salt Lions"
    }
  },
  {
    "DeniedAlternatives": [],
    "Files": {
      "entities/areas.json": [
        "/2/Description",
        "/2/Name"
      ]
    },
    "Texts": {
      "Chs": "声音之海",
      "Eng": "Sea of Voices"
    }
  },
  {
    "DeniedAlternatives": [],
    "Files": {
      "entities/areas.json": [
        "/43/Description"
      ]
    },
    "Texts": {
      "Chs": "羊,青苔, 竖立的石头.",
      "Eng": "Sheep, lichen, standing stones."
    }
  },
  {
    "DeniedAlternatives": [],
    "Files": {
      "entities/areas.json": [
        "/53/Description"
      ]
    },
    "Texts": {
      "Chs": "隐藏在阴影中,包裹在蛛网里...",
      "Eng": "Shrouded with shadows, wrapped with webs..."
    }
  },
  {
    "DeniedAlternatives": [],
    "Files": {
      "entities/areas.json": [
        "/13/Description"
      ]
    },
    "Texts": {
      "Chs": "谨慎行事.",
      "Eng": "Step carefully."
    }
  },
  {
    "DeniedAlternatives": [],
    "Files": {
      "entities/areas.json": [
        "/56/Name"
      ]
    },
    "Texts": {
      "Chs": "东方",
      "Eng": "The East"
    }
  },
  {
    "DeniedAlternatives": [],
    "Files": {
      "entities/areas.json": [
        "/38/Description"
      ]
    },
    "Texts": {
      "Chs": "镜子之城, 光在这里就是法律...",
      "Eng": "The Mirrored City, where Light was always the Law..."
    }
  },
  {
    "DeniedAlternatives": [],
    "Files": {
      "entities/areas.json": [
        "/55/Name"
      ]
    },
    "Texts": {
      "Chs": "北方",
      "Eng": "The North"
    }
  },
  {
    "DeniedAlternatives": [],
    "Files": {
      "entities/areas.json": [
        "/57/Name"
      ]
    },
    "Texts": {
      "Chs": "西南方",
      "Eng": "The South-West"
    }
  },
  {
    "DeniedAlternatives": [],
    "Files": {
      "entities/areas.json": [
        "/16/Description"
      ]
    },
    "Texts": {
      "Chs": "猿猴们饥饿地看着你.",
      "Eng": "The apes watch you hungrily."
    }
  },
  {
    "DeniedAlternatives": [],
    "Files": {
      "entities/areas.json": [
        "/21/Description"
      ]
    },
    "Texts": {
      "Chs": "漂浮着的城市.",
      "Eng": "The city that swam."
    }
  },
  {
    "DeniedAlternatives": [],
    "Files": {
      "entities/areas.json": [
        "/54/Description"
      ]
    },
    "Texts": {
      "Chs": "监狱的高墙无情的插在海中.",
      "Eng": "The prison walls are mercilessly steep."
    }
  },
  {
    "DeniedAlternatives": [],
    "Files": {
      "entities/areas.json": [
        "/51/Description"
      ]
    },
    "Texts": {
      "Chs": "这片被孢子侵染的海域中高贵的核心",
      "Eng": "The queenly core of this spore-haunted sea."
    }
  },
  {
    "DeniedAlternatives": [],
    "Files": {
      "entities/areas.json": [
        "/17/Description"
      ]
    },
    "Texts": {
      "Chs": "充斥了讨厌的蝙蝠粪便和血液混合在一起的味道.",
      "Eng": "The rich unlovely tang of blood and bat-droppings."
    }
  },
  {
    "DeniedAlternatives": [],
    "Files": {
      "entities/areas.json": [
        "/28/Description"
      ]
    },
    "Texts": {
      "Chs": "它们移动时发出的持续不断的声音让你想到了海岸上的卵石...",
      "Eng": "The sound of their constant motion is like pebbles on a beach..."
    }
  },
  {
    "DeniedAlternatives": [],
    "Files": {
      "entities/areas.json": [
        "/27/Description"
      ]
    },
    "Texts": {
      "Chs": "它们空洞的眼中是无尽的伤感.",
      "Eng": "There is a vast sorrow in their empty eyes."
    }
  },
  {
    "DeniedAlternatives": [],
    "Files": {
      "entities/areas.json": [
        "/45/Description"
      ]
    },
    "Texts": {
      "Chs": "这就是终结之地.",
      "Eng": "This is the end."
    }
  },
  {
    "DeniedAlternatives": [],
    "Files": {
      "entities/areas.json": [
        "/29/Description"
      ]
    },
    "Texts": {
      "Chs": "背叛在这里等待着.",
      "Eng": "Treachery waits here."
    }
  },
  {
    "DeniedAlternatives": [],
    "Files": {
      "entities/areas.json": [
        "/46/Description"
      ]
    },
    "Texts": {
      "Chs": "两栋房子,看起来都很庄严.",
      "Eng": "Two houses, both alike in dignity."
    }
  },
  {
    "DeniedAlternatives": [],
    "Files": {
      "entities/areas.json": [
        "/51/Name"
      ]
    },
    "Texts": {
      "Chs": "世纪之蕈",
      "Eng": "Uttershroom"
    }
  },
  {
    "DeniedAlternatives": [],
    "Files": {
      "entities/areas.json": [
        "/39/Description"
      ]
    },
    "Texts": {
      "Chs": "我们能推测出来还有一号和二号要塞. 也许还有四号要塞.",
      "Eng": "We may infer a Station I and a Station II. We may conjecture a Station IV."
    }
  },
  {
    "DeniedAlternatives": [],
    "Files": {
      "entities/areas.json": [
        "/33/Description"
      ]
    },
    "Texts": {
      "Chs": "玫瑰盛开的地方.",
      "Eng": "Where there are roses."
    }
  },
  {
    "DeniedAlternatives": [],
    "Files": {
      "entities/areas.json": [
        "/10/MoveMessage",
        "/11/MoveMessage",
        "/12/MoveMessage",
        "/13/MoveMessage",
        "/14/MoveMessage",
        "/15/MoveMessage",
        "/16/MoveMessage",
        "/17/MoveMessage",
        "/18/MoveMessage",
        "/19/MoveMessage",
        "/20/MoveMessage",
        "/21/MoveMessage",
        "/22/MoveMessage",
        "/23/MoveMessage",
        "/24/MoveMessage",
        "/25/MoveMessage",
        "/26/MoveMessage",
        "/27/MoveMessage",
        "/28/MoveMessage",
        "/29/MoveMessage",
        "/30/MoveMessage",
        "/31/MoveMessage",
        "/32/MoveMessage",
        "/33/MoveMessage",
        "/34/MoveMessage",
        "/35/MoveMessage",
        "/36/MoveMessage"
      ]
    },
    "Texts": {
      "Chs": "你已进港.",
      "Eng": "You have entered harbour."
    }
  },
  {
    "DeniedAlternatives": [],
    "Files": {
      "entities/areas.json": [
        "/1/MoveMessage",
        "/2/MoveMessage",
        "/3/MoveMessage",
        "/37/MoveMessage",
        "/38/MoveMessage",
        "/39/MoveMessage",
        "/4/MoveMessage",
        "/40/MoveMessage",
        "/41/MoveMessage",
        "/42/MoveMessage",
        "/43/MoveMessage",
        "/44/MoveMessage",
        "/45/MoveMessage",
        "/46/MoveMessage",
        "/47/MoveMessage",
        "/48/MoveMessage",
        "/49/MoveMessage",
        "/5/MoveMessage",
        "/50/MoveMessage",
        "/51/MoveMessage",
        "/52/MoveMessage",
        "/53/MoveMessage",
        "/54/MoveMessage",
        "/55/MoveMessage",
        "/56/MoveMessage",
        "/57/MoveMessage",
        "/58/MoveMessage",
        "/59/MoveMessage",
        "/6/MoveMessage",
        "/60/MoveMessage",
        "/61/MoveMessage",
        "/62/MoveMessage",
        "/63/MoveMessage",
        "/7/MoveMessage",
        "/70/MoveMessage",
        "/71/MoveMessage",
        "/72/MoveMessage",
        "/73/MoveMessage",
        "/74/MoveMessage",
        "/75/MoveMessage",
        "/76/MoveMessage",
        "/77/MoveMessage",
        "/78/MoveMessage",
        "/79/MoveMessage",
        "/8/MoveMessage",
        "/80/MoveMessage",
        "/9/MoveMessage"
      ]
    },
    "Texts": {
      "Chs": "你移动到了新的地方",
      "Eng": "You have moved to a new area"
    }
  },
  {
    "DeniedAlternatives": [],
    "Files": {
      "entities/areas.json": [
        "/40/Description"
      ]
    },
    "Texts": {
      "Eng": "[codename]"
    }
  }
]