[
  {
    "DeniedAlternatives": [],
    "Files": {
      "entities/exchanges.json": [
        "/12/Shops/0/Description"
      ]
    },
    "Texts": {
      "Chs": "\"拿去,\" 店家如此告诉你. \"吃吧.此刻我们畅饮.\"",
      "Eng": "\"Take,\" the merchants tell you. \"Eat. Only let us drink.\""
    }
  },
  {
    "DeniedAlternatives": [],
    "Files": {
      "entities/exchanges.json": [
        "/16/Name"
      ]
    },
    "Texts": {
      "Chs": "慷慨的交易所",
      "Eng": "A Bountiful Exchange"
    }
  },
  {
    "DeniedAlternatives": [],
    "Files": {
      "entities/exchanges.json": [
        "/15/Name"
      ]
    },
    "Texts": {
      "Chs": "贝壳上的刻痕",
      "Eng": "A Notch in the Shell"
    }
  },
  {
    "DeniedAlternatives": [],
    "Files": {
      "entities/exchanges.json": [
        "/26/Description"
      ]
    },
    "Texts": {
      "Chs": "一座快乐的城市.",
      "Eng": "A city of delights."
    }
  },
  {
    "DeniedAlternatives": [],
    "Files": {
      "entities/exchanges.json": [
        "/22/Description"
      ]
    },
    "Texts": {
      "Chs": "一座水晶花一般的城市.",
      "Eng": "A city of flowering crystal."
    }
  },
  {
    "DeniedAlternatives": [],
    "Files": {
      "entities/exchanges.json": [
        "/27/Description"
      ]
    },
    "Texts": {
      "Chs": "一座充满了面色灰黄船难者的城市.",
      "Eng": "A city of sallow wreckers."
    }
  },
  {
    "DeniedAlternatives": [],
    "Files": {
      "entities/exchanges.json": [
        "/21/Shops/0/Description"
      ]
    },
    "Texts": {
      "Chs": "一艘沉底的潜艇不怎么需要燃料, 不过里面的居民倒是需要大量的咖啡.",
      "Eng": "A grounded zubmarine has little need for fuel. Its occupants, however, have a great need for coffee."
    }
  },
  {
    "DeniedAlternatives": [],
    "Files": {
      "entities/exchanges.json": [
        "/20/Shops/0/Description"
      ]
    },
    "Texts": {
      "Chs": "一名当地商人来此寻求荣耀. 他现在开始以向任何他能找到的顾客出售那些没腐烂到那种程度的肉谋生.",
      "Eng": "A naive merchant came here in search of glory. He now makes his living selling less-rancid meat to any customer he can find."
    }
  },
  {
    "DeniedAlternatives": [],
    "Files": {
      "entities/exchanges.json": [
        "/30/Description"
      ]
    },
    "Texts": {
      "Chs": "一个避难之地.",
      "Eng": "A place of refuge."
    }
  },
  {
    "DeniedAlternatives": [],
    "Files": {
      "entities/exchanges.json": [
        "/0/Shops/4/Description"
      ]
    },
    "Texts": {
      "Chs": "声名狼藉的嘉年华创办者,普朗蒂太太经营的副业.非常有利可图.",
      "Eng": "A profitable sideline for the notorious carnival entrepreneuse."
    }
  },
  {
    "DeniedAlternatives": [],
    "Files": {
      "entities/exchanges.json": [
        "/21/Description"
      ]
    },
    "Texts": {
      "Chs": "被缚的考察船.",
      "Eng": "A restrained research vessel."
    }
  },
  {
    "DeniedAlternatives": [],
    "Files": {
      "entities/exchanges.json": [
        "/23/Shops/0/Description"
      ]
    },
    "Texts": {
      "Chs": "零星的几团贸易商, 走私者, 还有购物者.",
      "Eng": "A scattered assembly of traders, smugglers and shoppers."
    }
  },
  {
    "DeniedAlternatives": [],
    "Files": {
      "entities/exchanges.json": [
        "/8/Shops/1/Description"
      ]
    },
    "Texts": {
      "Chs": "标语上写着: 请用骨头.店主会用兽类的肉来换取你的故事,或者买那些象牙色的骨头.",
      "Eng": "A sign reads: BONES PLEASE. The proprietor will sell you beast-meat for stories, or buy your ivory."
    }
  },
  {
    "DeniedAlternatives": [],
    "Files": {
      "entities/exchanges.json": [
        "/6/Shops/0/Description"
      ]
    },
    "Texts": {
      "Chs": "一个有些迟钝的商人用带敌意的眼神斜视着你. 你可以买到有限的一些货物.",
      "Eng": "A sluggish and hostile merchant squints warily. A few goods of indifferent quality are available."
    }
  },
  {
    "DeniedAlternatives": [],
    "Files": {
      "entities/exchanges.json": [
        "/2/Shops/1/Description"
      ]
    },
    "Texts": {
      "Chs": "事实上,这里的东西确实都是蓝宝石.",
      "Eng": "Actually, this place is indeed mostly sapphires."
    }
  },
  {
    "DeniedAlternatives": [],
    "Files": {
      "entities/exchanges.json": [
        "/10/Shops/0/Description"
      ]
    },
    "Texts": {
      "Chs": "总是渴望酒和蜂蜜.他们出售补给品的价格是根据海盗们的消费水平定价的.",
      "Eng": "Always eager for wine and honey. Their supply prices are calibrated for corsairs."
    }
  },
  {
    "DeniedAlternatives": [],
    "Files": {
      "entities/exchanges.json": [
        "/5/Shops/0/Name"
      ]
    },
    "Texts": {
      "Chs": "叹息集市",
      "Eng": "Arcade of Sighs"
    }
  },
  {
    "DeniedAlternatives": [],
    "Files": {
      "entities/exchanges.json": [
        "/1/Shops/0/Description"
      ]
    },
    "Texts": {
      "Chs": "带东西来.",
      "Eng": "BRING MATERIAL."
    }
  },
  {
    "DeniedAlternatives": [],
    "Files": {
      "entities/exchanges.json": [
        "/1/Description"
      ]
    },
    "Texts": {
      "Chs": "买. 卖.",
      "Eng": "BUY. SELL."
    }
  },
  {
    "DeniedAlternatives": [],
    "Files": {
      "entities/exchanges.json": [
        "/15/Shops/0/Description"
      ]
    },
    "Texts": {
      "Chs": "欢迎! 这些是我的战利品!",
      "Eng": "Be welcome! Here are trophies!"
    }
  },
  {
    "DeniedAlternatives": [],
    "Files": {
      "entities/exchanges.json": [
        "/17/Description"
      ]
    },
    "Texts": {
      "Chs": "比这还远的地方,有人去过吗?",
      "Eng": "Beyond this place, who knows?"
    }
  },
  {
    "DeniedAlternatives": [],
    "Files": {
      "entities/exchanges.json": [
        "/0/Shops/5/Name"
      ]
    },
    "Texts": {
      "Chs": "布里特图德的视野之屋",
      "Eng": "Bultitude's House of Vision"
    }
  },
  {
    "DeniedAlternatives": [],
    "Files": {
      "entities/exchanges.json": [
        "/0/Shops/5/Description"
      ]
    },
    "Texts": {
      "Chs": "布里特图德的政治信仰也许值得怀疑, 但是他的船灯是最可靠也是性能最好的.",
      "Eng": "Bultitude's political convictions may be suspect, but his ship's lights are reliably excellent."
    }
  },
  {
    "DeniedAlternatives": [],
    "Files": {
      "entities/exchanges.json": [
        "/0/Shops/3/Name"
      ]
    },
    "Texts": {
      "Chs": "卡米努斯试验场",
      "Eng": "Caminus Yards"
    }
  },
  {
    "DeniedAlternatives": [],
    "Files": {
      "entities/exchanges.json": [
        "/0/Description"
      ]
    },
    "Texts": {
      "Chs": "货物,财宝,武器,秘密.还有骗局.",
      "Eng": "Cargoes, treasures, weapons, secrets. Mischief."
    }
  },
  {
    "DeniedAlternatives": [],
    "Files": {
      "entities/exchanges.json": [
        "/0/Shops/2/Name"
      ]
    },
    "Texts": {
      "Chs": "卡罗的海军军需品",
      "Eng": "Carrow's Naval Surplus"
    }
  },
  {
    "DeniedAlternatives": [],
    "Files": {
      "entities/exchanges.json": [
        "/5/Description"
      ]
    },
    "Texts": {
      "Chs": "古老石头上缠满蜘蛛网的市场.",
      "Eng": "Cobwebbed harbours of antique stone."
    }
  },
  {
    "DeniedAlternatives": [],
    "Files": {
      "entities/exchanges.json": [
        "/11/Shops/0/Description"
      ]
    },
    "Texts": {
      "Chs": "咖啡和燃料从龙奶子上滴下来. ",
      "Eng": "Coffee and fuel drip from dragon-teats. "
    }
  },
  {
    "DeniedAlternatives": [],
    "Files": {
      "entities/exchanges.json": [
        "/16/Shops/0/Description"
      ]
    },
    "Texts": {
      "Chs": "进来;快进来. 摸摸这些东西,爱抚它们.",
      "Eng": "Come in; come in. Touch our goods. Caress them."
    }
  },
  {
    "DeniedAlternatives": [],
    "Files": {
      "entities/exchanges.json": [
        "/10/Name"
      ]
    },
    "Texts": {
      "Chs": "海盗之林",
      "Eng": "Corsair's Forest"
    }
  },
  {
    "DeniedAlternatives": [],
    "Files": {
      "entities/exchanges.json": [
        "/25/Shops/0/Name"
      ]
    },
    "Texts": {
      "Chs": "达哈交易所",
      "Eng": "Dahut Exchange"
    }
  },
  {
    "DeniedAlternatives": [],
    "Files": {
      "entities/exchanges.json": [
        "/9/Shops/1/Name"
      ]
    },
    "Texts": {
      "Chs": "每日食粮",
      "Eng": "Daily Bread"
    }
  },
  {
    "DeniedAlternatives": [],
    "Files": {
      "entities/exchanges.json": [
        "/19/Shops/0/Name"
      ]
    },
    "Texts": {
      "Chs": "亲爱的亡者",
      "Eng": "Dearly Departed"
    }
  },
  {
    "DeniedAlternatives": [],
    "Files": {
      "entities/exchanges.json": [
        "/9/Shops/0/Description"
      ]
    },
    "Texts": {
      "Chs": "挖掘工具,遗物和文物!还有美味滋滋汤.",
      "Eng": "Diggery, lootery and scholary! Also, zzoup."
    }
  },
  {
    "DeniedAlternatives": [],
    "Files": {
      "entities/exchanges.json": [
        "/5/Shops/2/Description"
      ]
    },
    "Texts": {
      "Chs": "你有死亡侨民?放在这里,我们会付给你钱.",
      "Eng": "Do you have tomb-colonists? Drop them off here for payment."
    }
  },
  {
    "DeniedAlternatives": [],
    "Files": {
      "entities/exchanges.json": [
        "/2/Shops/0/Name"
      ]
    },
    "Texts": {
      "Chs": "港口市场",
      "Eng": "Dockside Market"
    }
  },
  {
    "DeniedAlternatives": [],
    "Files": {
      "entities/exchanges.json": [
        "/7/Shops/2/Description"
      ]
    },
    "Texts": {
      "Chs": "装备",
      "Eng": "Equipment"
    }
  },
  {
    "DeniedAlternatives": [],
    "Files": {
      "entities/exchanges.json": [
        "/30/Shops/0/Name"
      ]
    },
    "Texts": {
      "Chs": "放逐集市",
      "Eng": "Exile Bazaar"
    }
  },
  {
    "DeniedAlternatives": [],
    "Files": {
      "entities/exchanges.json": [
        "/14/Name"
      ]
    },
    "Texts": {
      "Chs": "驱逐",
      "Eng": "Expulsus"
    }
  },
  {
    "DeniedAlternatives": [],
    "Files": {
      "entities/exchanges.json": [
        "/4/Shops/0/Name"
      ]
    },
    "Texts": {
      "Chs": "胃中之火",
      "Eng": "Fire in the Belly"
    }
  },
  {
    "DeniedAlternatives": [],
    "Files": {
      "entities/exchanges.json": [
        "/13/Description"
      ]
    },
    "Texts": {
      "Chs": "苍蝇. 听着.",
      "Eng": "Flies. Listen."
    }
  },
  {
    "DeniedAlternatives": [],
    "Files": {
      "entities/exchanges.json": [
        "/8/Shops/0/Name"
      ]
    },
    "Texts": {
      "Chs": "财富与运气",
      "Eng": "Fortune & Fortune"
    }
  },
  {
    "DeniedAlternatives": [],
    "Files": {
      "entities/exchanges.json": [
        "/19/Name"
      ]
    },
    "Texts": {
      "Chs": "自由市场",
      "Eng": "Freemarket"
    }
  },
  {
    "DeniedAlternatives": [],
    "Files": {
      "entities/exchanges.json": [
        "/19/Shops/1/Description"
      ]
    },
    "Texts": {
      "Chs": "燃料,补给,还有奇迹.",
      "Eng": "Fuel, supplies, and wonders."
    }
  },
  {
    "DeniedAlternatives": [],
    "Files": {
      "entities/exchanges.json": [
        "/14/Description"
      ]
    },
    "Texts": {
      "Chs": "以骨换魂",
      "Eng": "GIVE BONE TAKE SPIRIT"
    }
  },
  {
    "DeniedAlternatives": [],
    "Files": {
      "entities/exchanges.json": [
        "/6/Shops/0/Name"
      ]
    },
    "Texts": {
      "Chs": "港口补给站",
      "Eng": "Harbour Provisioners"
    }
  },
  {
    "DeniedAlternatives": [],
    "Files": {
      "entities/exchanges.json": [
        "/5/Shops/0/Description"
      ]
    },
    "Texts": {
      "Chs": "这里,包扎得很正式的死亡侨民商人们用古老而冰冷的硬币换取光明的东西.",
      "Eng": "Here the solemn bandaged merchants of the colonies trade old cold coins for brighter things."
    }
  },
  {
    "DeniedAlternatives": [],
    "Files": {
      "entities/exchanges.json": [
        "/25/Description"
      ]
    },
    "Texts": {
      "Chs": "这里: 和平.",
      "Eng": "Here: peace."
    }
  },
  {
    "DeniedAlternatives": [],
    "Files": {
      "entities/exchanges.json": [
        "/7/Shops/0/Description"
      ]
    },
    "Texts": {
      "Chs": "你可以高价买到美丽的蓝色羽毛.它们的颜色就像早已失去的天空; 还能买到些新鲜的李子.",
      "Eng": "High prices for feathers blue as the lost sky; and a few other plums."
    }
  },
  {
    "DeniedAlternatives": [],
    "Files": {
      "entities/exchanges.json": [
        "/24/Shops/0/Description"
      ]
    },
    "Texts": {
      "Chs": "历史是神圣的, 但是长牙没那么神圣.",
      "Eng": "History is sacred. Ivory, less so."
    }
  },
  {
    "DeniedAlternatives": [],
    "Files": {
      "entities/exchanges.json": [
        "/5/Shops/1/Name"
      ]
    },
    "Texts": {
      "Chs": "空洞的寺庙",
      "Eng": "Hollow Temple"
    }
  },
  {
    "DeniedAlternatives": [],
    "Files": {
      "entities/exchanges.json": [
        "/14/Shops/0/Name"
      ]
    },
    "Texts": {
      "Chs": "伤害之屋",
      "Eng": "House of Harms"
    }
  },
  {
    "DeniedAlternatives": [],
    "Files": {
      "entities/exchanges.json": [
        "/12/Shops/0/Name"
      ]
    },
    "Texts": {
      "Chs": "丰收之屋",
      "Eng": "House of Harvests"
    }
  },
  {
    "DeniedAlternatives": [],
    "Files": {
      "entities/exchanges.json": [
        "/13/Shops/0/Name"
      ]
    },
    "Texts": {
      "Chs": "愉悦之屋",
      "Eng": "House of Pleasures"
    }
  },
  {
    "DeniedAlternatives": [],
    "Files": {
      "entities/exchanges.json": [
        "/16/Description"
      ]
    },
    "Texts": {
      "Chs": "这些多腿的邻居太善良了, 他们的东西卖的很便宜!",
      "Eng": "How kind are the many-legged neighbours, to sell their gifts so cheaply!"
    }
  },
  {
    "DeniedAlternatives": [],
    "Files": {
      "entities/exchanges.json": [
        "/26/Shops/0/Name",
        "/27/Shops/0/Name"
      ]
    },
    "Texts": {
      "Chs": "船体收割",
      "Eng": "Hull-harvest"
    }
  },
  {
    "DeniedAlternatives": [],
    "Files": {
      "entities/exchanges.json": [
        "/25/Shops/0/Description"
      ]
    },
    "Texts": {
      "Chs": "这里和伍夫斯托克已经快差不多了.",
      "Eng": "It could almost be Wolfstack."
    }
  },
  {
    "DeniedAlternatives": [],
    "Files": {
      "entities/exchanges.json": [
        "/24/Description"
      ]
    },
    "Texts": {
      "Chs": "长牙和史书.",
      "Eng": "Ivory and historiography."
    }
  },
  {
    "DeniedAlternatives": [],
    "Files": {
      "entities/exchanges.json": [
        "/22/Shops/0/Description"
      ]
    },
    "Texts": {
      "Chs": "珠宝; 珊瑚; 岩石.",
      "Eng": "Jewels; coral; rocks."
    }
  },
  {
    "DeniedAlternatives": [],
    "Files": {
      "entities/exchanges.json": [
        "/20/Shops/0/Name"
      ]
    },
    "Texts": {
      "Chs": "约拿的终结",
      "Eng": "Jonah's End"
    }
  },
  {
    "DeniedAlternatives": [],
    "Files": {
      "entities/exchanges.json": [
        "/7/Shops/0/Name"
      ]
    },
    "Texts": {
      "Chs": "大汗授权交易所",
      "Eng": "Licensed Exchange"
    }
  },
  {
    "DeniedAlternatives": [],
    "Files": {
      "entities/exchanges.json": [
        "/0/Name"
      ]
    },
    "Texts": {
      "Chs": "伦敦",
      "Eng": "London"
    }
  },
  {
    "DeniedAlternatives": [],
    "Files": {
      "entities/exchanges.json": [
        "/10/Description"
      ]
    },
    "Texts": {
      "Chs": "战利品买卖与租借",
      "Eng": "Loot for sale or rent."
    }
  },
  {
    "DeniedAlternatives": [],
    "Files": {
      "entities/exchanges.json": [
        "/29/Shops/0/Name"
      ]
    },
    "Texts": {
      "Chs": "沉没的教堂",
      "Eng": "Low Church"
    }
  },
  {
    "DeniedAlternatives": [],
    "Files": {
      "entities/exchanges.json": [
        "/9/Shops/0/Name"
      ]
    },
    "Texts": {
      "Chs": "马里博格挖掘现场",
      "Eng": "Malebolge Excavations"
    }
  },
  {
    "DeniedAlternatives": [],
    "Files": {
      "entities/exchanges.json": [
        "/4/Name"
      ]
    },
    "Texts": {
      "Chs": "饥饿市场",
      "Eng": "Market of Hungers"
    }
  },
  {
    "DeniedAlternatives": [],
    "Files": {
      "entities/exchanges.json": [
        "/0/Shops/2/Description"
      ]
    },
    "Texts": {
      "Chs": "卡罗先生找到了那些本应出售给皇家海军,却因为海军预算问题没能出售的装备的用处",
      "Eng": "Mr Carrow has found a use for the equipment once sold to the sadly reduced Royal Navy. "
    }
  },
  {
    "DeniedAlternatives": [],
    "Files": {
      "entities/exchanges.json": [
        "/0/Shops/4/Name"
      ]
    },
    "Texts": {
      "Chs": "普朗蒂太太的杂货供应",
      "Eng": "Mrs Plenty's Shipside Provisioners"
    }
  },
  {
    "DeniedAlternatives": [],
    "Files": {
      "entities/exchanges.json": [
        "/18/Description"
      ]
    },
    "Texts": {
      "Chs": "农ooooo西奥!",
      "Eng": "NUUUUNCIO!"
    }
  },
  {
    "DeniedAlternatives": [],
    "Files": {
      "entities/exchanges.json": [
        "/17/Shops/1/Description"
      ]
    },
    "Texts": {
      "Chs": "没有人从伊瑞暮向东航行.这家店是为那些从伊瑞暮向东航行的人服务的.",
      "Eng": "None sail East from Irem. This shop is for those who sail East from Irem."
    }
  },
  {
    "DeniedAlternatives": [],
    "Files": {
      "entities/exchanges.json": [
        "/2/Description"
      ]
    },
    "Texts": {
      "Chs": "不只是蓝宝石.尽管这里卖的大多都是蓝宝石",
      "Eng": "Not just sapphires. Although there are quite a lot of sapphires."
    }
  },
  {
    "DeniedAlternatives": [],
    "Files": {
      "entities/exchanges.json": [
        "/10/Shops/1/Description"
      ]
    },
    "Texts": {
      "Chs": "当然你可以在这里出售那些非法商品.当然你也别期望能有个合理的价格.",
      "Eng": "Of course you can sell illicit goods here. And of course you can't expect to get a fair price."
    }
  },
  {
    "DeniedAlternatives": [],
    "Files": {
      "entities/exchanges.json": [
        "/9/Name"
      ]
    },
    "Texts": {
      "Chs": "帕默斯顿",
      "Eng": "Palmerston"
    }
  },
  {
    "DeniedAlternatives": [],
    "Files": {
      "entities/exchanges.json": [
        "/9/Shops/1/Description"
      ]
    },
    "Texts": {
      "Chs": "帕默斯顿的有害烟尘污染了食物",
      "Eng": "Palmerston's pernicious pollution poisons provisions."
    }
  },
  {
    "DeniedAlternatives": [],
    "Files": {
      "entities/exchanges.json": [
        "/3/Shops/0/Name"
      ]
    },
    "Texts": {
      "Chs": "皮里加斯特港",
      "Eng": "Peleghast's Post"
    }
  },
  {
    "DeniedAlternatives": [],
    "Files": {
      "entities/exchanges.json": [
        "/2/Name"
      ]
    },
    "Texts": {
      "Chs": "玛瑙港市场",
      "Eng": "Port Carnelian Market"
    }
  },
  {
    "DeniedAlternatives": [],
    "Files": {
      "entities/exchanges.json": [
        "/20/Shops/1/Name"
      ]
    },
    "Texts": {
      "Chs": "不详地",
      "Eng": "Portentum"
    }
  },
  {
    "DeniedAlternatives": [],
    "Files": {
      "entities/exchanges.json": [
        "/26/Name"
      ]
    },
    "Texts": {
      "Chs": "繁荣之墟",
      "Eng": "Prospering Wrack"
    }
  },
  {
    "DeniedAlternatives": [],
    "Files": {
      "entities/exchanges.json": [
        "/28/Shops/0/Name"
      ]
    },
    "Texts": {
      "Chs": "试验场",
      "Eng": "Proving Ground"
    }
  },
  {
    "DeniedAlternatives": [],
    "Files": {
      "entities/exchanges.json": [
        "/19/Shops/0/Description"
      ]
    },
    "Texts": {
      "Chs": "交易剩下的东西.",
      "Eng": "Purchase what remains."
    }
  },
  {
    "DeniedAlternatives": [],
    "Files": {
      "entities/exchanges.json": [
        "/8/Shops/0/Description"
      ]
    },
    "Texts": {
      "Chs": "出售白色焦炭和沉默盐.有点不同的是,他们不接受回声,他们只接受故事.",
      "Eng": "Purveyors of white coke and mutersalt. Payment in stories."
    }
  },
  {
    "DeniedAlternatives": [],
    "Files": {
      "entities/exchanges.json": [
        "/7/Shops/1/Name"
      ]
    },
    "Texts": {
      "Chs": "红色牡马出版社",
      "Eng": "Red Stallion Publishing"
    }
  },
  {
    "DeniedAlternatives": [],
    "Files": {
      "entities/exchanges.json": [
        "/24/Shops/0/Name"
      ]
    },
    "Texts": {
      "Chs": "剩余者",
      "Eng": "Remainder"
    }
  },
  {
    "DeniedAlternatives": [],
    "Files": {
      "entities/exchanges.json": [
        "/21/Shops/0/Name"
      ]
    },
    "Texts": {
      "Chs": "征用处",
      "Eng": "Requisitions"
    }
  },
  {
    "DeniedAlternatives": [],
    "Files": {
      "entities/exchanges.json": [
        "/11/Description"
      ]
    },
    "Texts": {
      "Chs": "牺牲需要的东西,得到想要的东西.",
      "Eng": "Sacrifice what is needful, and gain that which is desirable."
    }
  },
  {
    "DeniedAlternatives": [],
    "Files": {
      "entities/exchanges.json": [
        "/2/Shops/1/Name"
      ]
    },
    "Texts": {
      "Chs": "蓝宝石交易所",
      "Eng": "Sapphire Exchange"
    }
  },
  {
    "DeniedAlternatives": [],
    "Files": {
      "entities/exchanges.json": [
        "/6/Name"
      ]
    },
    "Texts": {
      "Chs": "散落的摊位",
      "Eng": "Scattered Stalls"
    }
  },
  {
    "DeniedAlternatives": [],
    "Files": {
      "entities/exchanges.json": [
        "/6/Description"
      ]
    },
    "Texts": {
      "Chs": "码头附近散落着许多小摊.",
      "Eng": "Scattered stalls on the dock-side."
    }
  },
  {
    "DeniedAlternatives": [],
    "Files": {
      "entities/exchanges.json": [
        "/7/Shops/1/Description"
      ]
    },
    "Texts": {
      "Chs": "书卷,小本子,还有用十几种语言写的各种书籍",
      "Eng": "Scrolls, pamphlets, and books in a dozen languages."
    }
  },
  {
    "DeniedAlternatives": [],
    "Files": {
      "entities/exchanges.json": [
        "/7/Shops/2/Name"
      ]
    },
    "Texts": {
      "Chs": "船坞",
      "Eng": "Shipyard"
    }
  },
  {
    "DeniedAlternatives": [],
    "Files": {
      "entities/exchanges.json": [
        "/15/Description"
      ]
    },
    "Texts": {
      "Chs": "皮革和骨头聚集在狭窄的空间里.",
      "Eng": "Skin-and-bone stalls crowd a narrow space."
    }
  },
  {
    "DeniedAlternatives": [],
    "Files": {
      "entities/exchanges.json": [
        "/16/Shops/0/Name"
      ]
    },
    "Texts": {
      "Chs": "纺织工之光",
      "Eng": "Spinner's Delight"
    }
  },
  {
    "DeniedAlternatives": [],
    "Files": {
      "entities/exchanges.json": [
        "/22/Shops/0/Name"
      ]
    },
    "Texts": {
      "Chs": "石头市场",
      "Eng": "Stonemarket"
    }
  },
  {
    "DeniedAlternatives": [],
    "Files": {
      "entities/exchanges.json": [
        "/27/Name"
      ]
    },
    "Texts": {
      "Chs": "挣扎之墟",
      "Eng": "Struggling Wrack"
    }
  },
  {
    "DeniedAlternatives": [],
    "Files": {
      "entities/exchanges.json": [
        "/29/Shops/0/Description"
      ]
    },
    "Texts": {
      "Chs": "用补给换故事.",
      "Eng": "Supplies for stories."
    }
  },
  {
    "DeniedAlternatives": [],
    "Files": {
      "entities/exchanges.json": [
        "/17/Shops/2/Description"
      ]
    },
    "Texts": {
      "Chs": "故事,故事,还是故事.",
      "Eng": "Tales and tales and tales."
    }
  },
  {
    "DeniedAlternatives": [],
    "Files": {
      "entities/exchanges.json": [
        "/23/Description"
      ]
    },
    "Texts": {
      "Chs": "牙.",
      "Eng": "Teeth."
    }
  },
  {
    "DeniedAlternatives": [],
    "Files": {
      "entities/exchanges.json": [
        "/1/Shops/0/Name"
      ]
    },
    "Texts": {
      "Chs": "劳工神殿",
      "Eng": "Temple of Labours"
    }
  },
  {
    "DeniedAlternatives": [],
    "Files": {
      "entities/exchanges.json": [
        "/10/Shops/0/Name"
      ]
    },
    "Texts": {
      "Chs": "邪恶帽贝酒吧",
      "Eng": "The Arrant Limpet"
    }
  },
  {
    "DeniedAlternatives": [],
    "Files": {
      "entities/exchanges.json": [
        "/11/Name"
      ]
    },
    "Texts": {
      "Chs": "骷髅地的信条",
      "Eng": "The Calvary Doctrine"
    }
  },
  {
    "DeniedAlternatives": [],
    "Files": {
      "entities/exchanges.json": [
        "/5/Shops/2/Name"
      ]
    },
    "Texts": {
      "Chs": "阴森的房间",
      "Eng": "The Charnel Lounge"
    }
  },
  {
    "DeniedAlternatives": [],
    "Files": {
      "entities/exchanges.json": [
        "/18/Shops/0/Description"
      ]
    },
    "Texts": {
      "Chs": "这个小队: 残忍无情, 绝对专业,他们中的每一个人都带着三个巨大的手提箱.他们曾经为一名神秘的男爵服务. 现在,他们把他们的业务拓展到了海泽中.",
      "Eng": "The Company: ruthless, utterly professional, and the whole lot of them would fit in three big suitcases. They operate out of an undisclosed baronet's pantry. Now, they're extending their operations to the zee."
    }
  },
  {
    "DeniedAlternatives": [],
    "Files": {
      "entities/exchanges.json": [
        "/17/Shops/0/Name"
      ]
    },
    "Texts": {
      "Chs": "黎明渔夫",
      "Eng": "The Fisher of Dawn"
    }
  },
  {
    "DeniedAlternatives": [],
    "Files": {
      "entities/exchanges.json": [
        "/21/Name"
      ]
    },
    "Texts": {
      "Chs": "水壶要塞",
      "Eng": "The Fortas Kettle"
    }
  },
  {
    "DeniedAlternatives": [],
    "Files": {
      "entities/exchanges.json": [
        "/10/Shops/1/Name"
      ]
    },
    "Texts": {
      "Chs": "笑脸",
      "Eng": "The Friendly Face"
    }
  },
  {
    "DeniedAlternatives": [],
    "Files": {
      "entities/exchanges.json": [
        "/12/Name"
      ]
    },
    "Texts": {
      "Chs": "祝您健康阴谋集团",
      "Eng": "The Gesundheit Conspiracy"
    }
  },
  {
    "DeniedAlternatives": [],
    "Files": {
      "entities/exchanges.json": [
        "/20/Shops/1/Description"
      ]
    },
    "Texts": {
      "Chs": "肠卜师的门徒会拿走生命,送出死亡. 显然并非针对你.",
      "Eng": "The Haruspex's disciples will take life, give death. Not yours, obviously."
    }
  },
  {
    "DeniedAlternatives": [],
    "Files": {
      "entities/exchanges.json": [
        "/11/Shops/0/Name"
      ]
    },
    "Texts": {
      "Chs": "奶屋",
      "Eng": "The House of Milks"
    }
  },
  {
    "DeniedAlternatives": [],
    "Files": {
      "entities/exchanges.json": [
        "/8/Shops/1/Name"
      ]
    },
    "Texts": {
      "Chs": "猎人的牢笼",
      "Eng": "The Hunter's Cage"
    }
  },
  {
    "DeniedAlternatives": [],
    "Files": {
      "entities/exchanges.json": [
        "/0/Shops/1/Name"
      ]
    },
    "Texts": {
      "Chs": "钢铁和米斯里合作公司",
      "Eng": "The Iron & Misery Company"
    }
  },
  {
    "DeniedAlternatives": [],
    "Files": {
      "entities/exchanges.json": [
        "/17/Name"
      ]
    },
    "Texts": {
      "Chs": "最后的市场",
      "Eng": "The Last Market"
    }
  },
  {
    "DeniedAlternatives": [],
    "Files": {
      "entities/exchanges.json": [
        "/4/Shops/0/Description"
      ]
    },
    "Texts": {
      "Chs": "市场总是出售燃料.用市场故事线来寻找更多货物.",
      "Eng": "The Market always sells Fuel. Use a MARKET story choice for more goods."
    }
  },
  {
    "DeniedAlternatives": [],
    "Files": {
      "entities/exchanges.json": [
        "/13/Name"
      ]
    },
    "Texts": {
      "Chs": "苍蝇议会",
      "Eng": "The Parliament of Flies"
    }
  },
  {
    "DeniedAlternatives": [],
    "Files": {
      "entities/exchanges.json": [
        "/18/Shops/0/Name"
      ]
    },
    "Texts": {
      "Chs": "疾速连队 (海军战士组成)",
      "Eng": "The Scuttering Company (Marine Element)"
    }
  },
  {
    "DeniedAlternatives": [],
    "Files": {
      "entities/exchanges.json": [
        "/23/Shops/0/Name"
      ]
    },
    "Texts": {
      "Chs": "打哈欠的嗉囊",
      "Eng": "The Yawning Maw"
    }
  },
  {
    "DeniedAlternatives": [],
    "Files": {
      "entities/exchanges.json": [
        "/29/Description"
      ]
    },
    "Texts": {
      "Chs": "钟声依旧.",
      "Eng": "The bell still tolls."
    }
  },
  {
    "DeniedAlternatives": [],
    "Files": {
      "entities/exchanges.json": [
        "/0/Shops/3/Description"
      ]
    },
    "Texts": {
      "Chs": "极度快活的火焰先生,制造了那些最可怕但是至少经过了严格测试的设备.",
      "Eng": "The dangerously jovial Mr Fires manufactures the most intimidating, least carefully tested devices."
    }
  },
  {
    "DeniedAlternatives": [],
    "Files": {
      "entities/exchanges.json": [
        "/28/Description"
      ]
    },
    "Texts": {
      "Chs": "无论波浪之上还是波浪之下, 这里都是最好的烟草店.",
      "Eng": "The finest cigar shop above or below the waves."
    }
  },
  {
    "DeniedAlternatives": [],
    "Files": {
      "entities/exchanges.json": [
        "/13/Shops/0/Description"
      ]
    },
    "Texts": {
      "Chs": "苍蝇正在用它们的翅膀爱抚你.快点,买些东西.",
      "Eng": "The flies will caress you with their wings. Hurry up and purchase something."
    }
  },
  {
    "DeniedAlternatives": [],
    "Files": {
      "entities/exchanges.json": [
        "/3/Description"
      ]
    },
    "Texts": {
      "Chs": "通往古大陆藏宝地的大门。",
      "Eng": "The gateway to the Continent's treasures."
    }
  },
  {
    "DeniedAlternatives": [],
    "Files": {
      "entities/exchanges.json": [
        "/5/Shops/1/Description"
      ]
    },
    "Texts": {
      "Chs": "奇怪的长满羽毛的蛇神像还留在寺庙里.但是现在,说故事的人聚集在这里. ",
      "Eng": "The image of a long-snouted reptile god still stands in the temple, but now storytellers gather here. "
    }
  },
  {
    "DeniedAlternatives": [],
    "Files": {
      "entities/exchanges.json": [
        "/30/Shops/0/Description"
      ]
    },
    "Texts": {
      "Chs": "隐逸之地的人们没什么能拿出来的; 但是他们从海床上找到了些奇怪的东西.",
      "Eng": "The people of Hideaway have little to offer; just some oddities from the zee-bed."
    }
  },
  {
    "DeniedAlternatives": [],
    "Files": {
      "entities/exchanges.json": [
        "/28/Shops/0/Description"
      ]
    },
    "Texts": {
      "Chs": "这里的店主正在努力测试可燃性的极限在哪里.",
      "Eng": "The proprietor is interested in testing the limits of flammability."
    }
  },
  {
    "DeniedAlternatives": [],
    "Files": {
      "entities/exchanges.json": [
        "/3/Shops/0/Description"
      ]
    },
    "Texts": {
      "Chs": "门上的牌子写着: 已得到与凡人进行贸易的许可",
      "Eng": "The sign at the door reads: LICENSED FOR MORTAL TRADE"
    }
  },
  {
    "DeniedAlternatives": [],
    "Files": {
      "entities/exchanges.json": [
        "/2/Shops/0/Description"
      ]
    },
    "Texts": {
      "Chs": "摊位和伍夫斯托克几乎一样. 声音也很相似.但是气味相差的实在太多.",
      "Eng": "The stalls are almost the same as Wolfstack. So are the sounds. The scents are utterly different."
    }
  },
  {
    "DeniedAlternatives": [],
    "Files": {
      "entities/exchanges.json": [
        "/17/Shops/0/Description"
      ]
    },
    "Texts": {
      "Chs": "这间店从梦中远方的河流中寻找财宝,请带来合适的歌声.",
      "Eng": "This one will find treasures in a river beyond sleep. Bring a suitable antiphon."
    }
  },
  {
    "DeniedAlternatives": [],
    "Files": {
      "entities/exchanges.json": [
        "/17/Shops/1/Name"
      ]
    },
    "Texts": {
      "Chs": "入口",
      "Eng": "Threshold"
    }
  },
  {
    "DeniedAlternatives": [],
    "Files": {
      "entities/exchanges.json": [
        "/14/Shops/0/Description"
      ]
    },
    "Texts": {
      "Chs": "今天的法律是苦难.",
      "Eng": "Today, the law is suffering."
    }
  },
  {
    "DeniedAlternatives": [],
    "Files": {
      "entities/exchanges.json": [
        "/19/Description"
      ]
    },
    "Texts": {
      "Chs": "不受汗国法律支配的自由交易",
      "Eng": "Trade unfettered by the Khanate's law."
    }
  },
  {
    "DeniedAlternatives": [],
    "Files": {
      "entities/exchanges.json": [
        "/0/Shops/0/Description"
      ]
    },
    "Texts": {
      "Chs": "[小交易商通过零售交易的形式很难盈利,建议寻找其他的方式赚取]",
      "Eng": "Trading in common goods will only earn slim profits. Seek other opportunities.\n"
    }
  },
  {
    "DeniedAlternatives": [],
    "Files": {
      "entities/exchanges.json": [
        "/19/Shops/1/Name"
      ]
    },
    "Texts": {
      "Chs": "旅者之友",
      "Eng": "Traveller's Friend"
    }
  },
  {
    "DeniedAlternatives": [],
    "Files": {
      "entities/exchanges.json": [
        "/15/Shops/0/Name"
      ]
    },
    "Texts": {
      "Chs": "菽粟叔叔的休息处",
      "Eng": "Uncle Ankle's Lean Place"
    }
  },
  {
    "DeniedAlternatives": [],
    "Files": {
      "entities/exchanges.json": [
        "/4/Description"
      ]
    },
    "Texts": {
      "Chs": "用故事的选择之一饥饿市场来寻找更多货物",
      "Eng": "Use a MARKET OF HUNGERS choice under STORY to access more goods."
    }
  },
  {
    "DeniedAlternatives": [],
    "Files": {
      "entities/exchanges.json": [
        "/8/Description"
      ]
    },
    "Texts": {
      "Chs": "问题从哪里产生?",
      "Eng": "Where are questions born?"
    }
  },
  {
    "DeniedAlternatives": [],
    "Files": {
      "entities/exchanges.json": [
        "/20/Description"
      ]
    },
    "Texts": {
      "Chs": "怀表死去的地方.",
      "Eng": "Where pocket-watches go to die."
    }
  },
  {
    "DeniedAlternatives": [],
    "Files": {
      "entities/exchanges.json": [
        "/17/Shops/2/Name"
      ]
    },
    "Texts": {
      "Chs": "风之呼号",
      "Eng": "Wind-Come-Calling"
    }
  },
  {
    "DeniedAlternatives": [],
    "Files": {
      "entities/exchanges.json": [
        "/0/Shops/0/Name"
      ]
    },
    "Texts": {
      "Chs": "伍夫斯托克交易所",
      "Eng": "Wolfstack Exchange"
    }
  },
  {
    "DeniedAlternatives": [],
    "Files": {
      "entities/exchanges.json": [
        "/26/Shops/0/Description"
      ]
    },
    "Texts": {
      "Chs": "船墟已经不再饥饿了. 它需要满足另外的某种欲望.",
      "Eng": "Wrack is no longer hungers. It has other appetites to feed."
    }
  },
  {
    "DeniedAlternatives": [],
    "Files": {
      "entities/exchanges.json": [
        "/27/Shops/0/Description"
      ]
    },
    "Texts": {
      "Chs": "船墟装满了快乐, 但是补给正在慢慢耗尽.",
      "Eng": "Wrack is replete with delights, but supplies are depleted."
    }
  },
  {
    "DeniedAlternatives": [],
    "Files": {
      "entities/exchanges.json": [
        "/12/Description"
      ]
    },
    "Texts": {
      "Chs": "你会变得幸福与健康.除此之外什么都得不到.",
      "Eng": "You will be happy, and healthy. Nothing else remains."
    }
  },
  {
    "DeniedAlternatives": [],
    "Files": {
      "entities/exchanges.json": [
        "/0/Shops/1/Description"
      ]
    },
    "Texts": {
      "Chs": "[功率更大的引擎会消耗更多燃料,但是会提升速度-尤其是那些巨大的缓慢船只.]",
      "Eng": "[More powerful engines consume more fuel, but increase speed - essential for large slow ships.]"
    }
  }
]