{
  "encyclopaedia/Associations.json": {
    "/0/LegacyUnlockQualities/4/Name": "texts/shared_s.json.json",
    "/0/LegacyUnlockQualities/5/Name": "texts/shared_s.json.json",
    "/0/LegacyUnlockQualities/7/Name": "texts/shared_s.json.json"
  },
  "encyclopaedia/CombatItems.json": {
    "/1/Name": "texts/shared_s.json.json",
    "/10/Name": "texts/shared_s.json.json",
    "/2/Name": "texts/shared_s.json.json",
    "/4/Name": "texts/shared_s.json.json",
    "/5/Name": "texts/shared_s.json.json",
    "/6/Name": "texts/shared_s.json.json"
  },
  "encyclopaedia/SpawnedEntities.json": {
    "/2/HumanName": "texts/shared_s.json.json",
    "/37/HumanName": "texts/shared_s.json.json",
    "/39/HumanName": "texts/shared_s.json.json",
    "/40/HumanName": "texts/shared_s.json.json",
    "/41/HumanName": "texts/shared_s.json.json",
    "/42/HumanName": "texts/shared_s.json.json",
    "/44/HumanName": "texts/shared_s.json.json",
    "/47/HumanName": "texts/shared_s.json.json",
    "/5/HumanName": "texts/shared_s.json.json",
    "/9/HumanName": "texts/shared_s.json.json"
  },
  "encyclopaedia/Tutorials.json": {
    "/11/Name": "texts/shared_s.json.json",
    "/22/Name": "texts/shared_s.json.json",
    "/23/Name": "texts/shared_s.json.json",
    "/24/Name": "texts/shared_s.json.json",
    "/27/Name": "texts/shared_s.json.json",
    "/3/Name": "texts/shared_s.json.json",
    "/6/Name": "texts/shared_s.json.json"
  },
  "entities/areas.json": {
    "/0/Name": "texts/shared_s.json.json",
    "/1/Description": "texts/shared_s.json.json",
    "/10/Name": "texts/shared_s.json.json",
    "/11/Name": "texts/entities/shared_s.json.json",
    "/13/Name": "texts/shared_s.json.json",
    "/14/Name": "texts/shared_s.json.json",
    "/15/Name": "texts/shared_s.json.json",
    "/16/Name": "texts/shared_s.json.json",
    "/18/Name": "texts/shared_s.json.json",
    "/19/Name": "texts/shared_s.json.json",
    "/20/Name": "texts/shared_s.json.json",
    "/21/Name": "texts/shared_s.json.json",
    "/22/Name": "texts/shared_s.json.json",
    "/23/Name": "texts/shared_s.json.json",
    "/24/Name": "texts/shared_s.json.json",
    "/25/Name": "texts/shared_s.json.json",
    "/26/Name": "texts/entities/shared_s.json.json",
    "/28/Name": "texts/shared_s.json.json",
    "/29/Name": "texts/shared_s.json.json",
    "/3/Name": "texts/shared_s.json.json",
    "/31/Name": "texts/shared_s.json.json",
    "/32/Name": "texts/shared_s.json.json",
    "/33/Name": "texts/shared_s.json.json",
    "/34/Name": "texts/shared_s.json.json",
    "/38/Name": "texts/shared_s.json.json",
    "/39/Name": "texts/shared_s.json.json",
    "/4/Name": "texts/shared_s.json.json",
    "/42/Name": "texts/shared_s.json.json",
    "/43/Name": "texts/shared_s.json.json",
    "/44/Name": "texts/shared_s.json.json",
    "/45/Name": "texts/entities/shared_s.json.json",
    "/46/Name": "texts/shared_s.json.json",
    "/47/Description": "texts/entities/shared_s.json.json",
    "/47/Name": "texts/entities/shared_s.json.json",
    "/48/Name": "texts/entities/shared_s.json.json",
    "/49/Description": "texts/entities/shared_s.json.json",
    "/49/Name": "texts/shared_s.json.json",
    "/5/Name": "texts/entities/shared_s.json.json",
    "/50/Description": "texts/entities/shared_s.json.json",
    "/50/Name": "texts/entities/shared_s.json.json",
    "/52/Description": "texts/entities/shared_s.json.json",
    "/52/Name": "texts/entities/shared_s.json.json",
    "/53/Name": "texts/entities/shared_s.json.json",
    "/54/Name": "texts/shared_s.json.json",
    "/58/Name": "texts/shared_s.json.json",
    "/59/Name": "texts/shared_s.json.json",
    "/6/Name": "texts/entities/shared_s.json.json",
    "/60/Name": "texts/entities/shared_s.json.json",
    "/61/Name": "texts/entities/shared_s.json.json",
    "/62/Name": "texts/entities/shared_s.json.json",
    "/63/Name": "texts/entities/shared_s.json.json",
    "/64/Name": "texts/entities/shared_s.json.json",
    "/65/Name": "texts/entities/shared_s.json.json",
    "/66/Name": "texts/entities/shared_s.json.json",
    "/67/Name": "texts/entities/shared_s.json.json",
    "/68/Name": "texts/entities/shared_s.json.json",
    "/69/Name": "texts/entities/shared_s.json.json",
    "/7/Name": "texts/shared_s.json.json",
    "/70/Name": "texts/entities/shared_s.json.json",
    "/71/Name": "texts/shared_s.json.json",
    "/72/Name": "texts/shared_s.json.json",
    "/73/Name": "texts/shared_s.json.json",
    "/74/Name": "texts/shared_s.json.json",
    "/75/Name": "texts/shared_s.json.json",
    "/76/Name": "texts/shared_s.json.json",
    "/77/Name": "texts/shared_s.json.json",
    "/78/Name": "texts/shared_s.json.json",
    "/79/Name": "texts/shared_s.json.json",
    "/8/Description": "texts/entities/shared_s.json.json",
    "/8/Name": "texts/entities/shared_s.json.json",
    "/80/Name": "texts/shared_s.json.json"
  },
  "entities/events.json": {
    "/121/Teaser": "texts/entities/shared_s.json.json",
    "/123/Name": "texts/entities/shared_s.json.json",
    "/14/ChildBranches/1/Name": "texts/entities/shared_s.json.json",
    "/157/Name": "texts/entities/shared_s.json.json",
    "/166/ChildBranches/0/DefaultEvent/MoveToArea/Name": "texts/entities/shared_s.json.json",
    "/17/ChildBranches/2/DefaultEvent/Name": "texts/shared_s.json.json",
    "/17/Name": "texts/entities/shared_s.json.json",
    "/172/ChildBranches/0/DefaultEvent/MoveToArea/Name": "texts/entities/shared_s.json.json",
    "/172/ChildBranches/2/DefaultEvent/MoveToArea/Name": "texts/entities/shared_s.json.json",
    "/201/Teaser": "texts/entities/shared_s.json.json",
    "/204/Name": "texts/entities/shared_s.json.json",
    "/207/ChildBranches/11/Name": "texts/entities/shared_s.json.json",
    "/207/ChildBranches/14/Name": "texts/entities/shared_s.json.json",
    "/207/ChildBranches/17/Name": "texts/entities/shared_s.json.json",
    "/207/ChildBranches/5/Name": "texts/entities/shared_s.json.json",
    "/208/Name": "texts/shared_s.json.json",
    "/216/ChildBranches/8/DefaultEvent/Name": "texts/entities/shared_s.json.json",
    "/216/Name": "texts/entities/shared_s.json.json",
    "/226/ChildBranches/0/DefaultEvent/MoveToArea/Name": "texts/entities/shared_s.json.json",
    "/230/ChildBranches/0/DefaultEvent/Teaser": "texts/entities/shared_s.json.json",
    "/231/ChildBranches/1/DefaultEvent/Teaser": "texts/entities/shared_s.json.json",
    "/26/ChildBranches/0/RareSuccessEvent/Teaser": "texts/entities/shared_s.json.json",
    "/26/ChildBranches/1/RareSuccessEvent/Teaser": "texts/entities/shared_s.json.json",
    "/26/ChildBranches/2/RareSuccessEvent/Teaser": "texts/entities/shared_s.json.json",
    "/26/ChildBranches/3/RareSuccessEvent/Teaser": "texts/entities/shared_s.json.json",
    "/295/Description": "texts/entities/shared_s.json.json",
    "/295/Teaser": "texts/entities/shared_s.json.json",
    "/296/Description": "texts/entities/shared_s.json.json",
    "/296/Teaser": "texts/entities/shared_s.json.json",
    "/297/Description": "texts/entities/shared_s.json.json",
    "/297/Teaser": "texts/entities/shared_s.json.json",
    "/3/ChildBranches/10/DefaultEvent/MoveToArea/Description": "texts/entities/shared_s.json.json",
    "/3/ChildBranches/10/DefaultEvent/MoveToArea/Name": "texts/entities/shared_s.json.json",
    "/3/ChildBranches/15/Name": "texts/entities/shared_s.json.json",
    "/3/ChildBranches/7/Name": "texts/shared_s.json.json",
    "/303/Name": "texts/shared_s.json.json",
    "/304/Name": "texts/shared_s.json.json",
    "/305/Name": "texts/shared_s.json.json",
    "/306/Name": "texts/shared_s.json.json",
    "/307/Name": "texts/shared_s.json.json",
    "/309/Name": "texts/shared_s.json.json",
    "/310/Name": "texts/shared_s.json.json",
    "/341/Name": "texts/entities/shared_s.json.json",
    "/353/ChildBranches/7/DefaultEvent/MoveToArea/Name": "texts/shared_s.json.json",
    "/396/ChildBranches/0/DefaultEvent/Teaser": "texts/entities/shared_s.json.json",
    "/397/ChildBranches/2/DefaultEvent/Teaser": "texts/entities/shared_s.json.json",
    "/411/ChildBranches/0/DefaultEvent/Teaser": "texts/entities/shared_s.json.json",
    "/419/ChildBranches/0/DefaultEvent/MoveToArea/Name": "texts/shared_s.json.json",
    "/419/ChildBranches/1/DefaultEvent/MoveToArea/Name": "texts/entities/shared_s.json.json",
    "/419/Name": "texts/entities/shared_s.json.json",
    "/431/Name": "texts/entities/shared_s.json.json",
    "/445/Name": "texts/entities/shared_s.json.json",
    "/447/ChildBranches/0/DefaultEvent/Teaser": "texts/entities/shared_s.json.json",
    "/452/Name": "texts/entities/shared_s.json.json",
    "/491/ChildBranches/1/Name": "texts/shared_s.json.json",
    "/50/ChildBranches/10/Name": "texts/entities/shared_s.json.json",
    "/50/ChildBranches/6/Name": "texts/entities/shared_s.json.json",
    "/50/ChildBranches/9/Name": "texts/entities/shared_s.json.json",
    "/507/ChildBranches/1/RareDefaultEvent/Teaser": "texts/entities/shared_s.json.json",
    "/508/ChildBranches/4/DefaultEvent/Name": "texts/shared_s.json.json",
    "/510/Name": "texts/entities/shared_s.json.json",
    "/528/ChildBranches/13/DefaultEvent/MoveToArea/Description": "texts/entities/shared_s.json.json",
    "/528/ChildBranches/13/DefaultEvent/MoveToArea/Name": "texts/shared_s.json.json",
    "/528/ChildBranches/14/DefaultEvent/MoveToArea/Description": "texts/entities/shared_s.json.json",
    "/528/ChildBranches/14/DefaultEvent/MoveToArea/Name": "texts/shared_s.json.json",
    "/528/ChildBranches/16/DefaultEvent/MoveToArea/Description": "texts/entities/shared_s.json.json",
    "/528/ChildBranches/16/DefaultEvent/MoveToArea/Name": "texts/shared_s.json.json",
    "/534/Name": "texts/shared_s.json.json",
    "/547/ChildBranches/1/DefaultEvent/MoveToArea/Name": "texts/entities/shared_s.json.json",
    "/548/Name": "texts/entities/shared_s.json.json",
    "/549/ChildBranches/12/DefaultEvent/MoveToArea/Description": "texts/entities/shared_s.json.json",
    "/549/ChildBranches/12/DefaultEvent/MoveToArea/Name": "texts/entities/shared_s.json.json",
    "/549/ChildBranches/12/DefaultEvent/Name": "texts/entities/shared_s.json.json",
    "/549/ChildBranches/13/DefaultEvent/MoveToArea/Description": "texts/entities/shared_s.json.json",
    "/549/ChildBranches/13/DefaultEvent/MoveToArea/Name": "texts/entities/shared_s.json.json",
    "/549/ChildBranches/14/DefaultEvent/MoveToArea/Description": "texts/entities/shared_s.json.json",
    "/549/ChildBranches/14/DefaultEvent/MoveToArea/Name": "texts/entities/shared_s.json.json",
    "/549/ChildBranches/15/DefaultEvent/MoveToArea/Description": "texts/entities/shared_s.json.json",
    "/549/ChildBranches/15/DefaultEvent/MoveToArea/Name": "texts/entities/shared_s.json.json",
    "/549/ChildBranches/16/DefaultEvent/MoveToArea/Description": "texts/entities/shared_s.json.json",
    "/549/ChildBranches/16/DefaultEvent/MoveToArea/Name": "texts/entities/shared_s.json.json",
    "/549/ChildBranches/17/DefaultEvent/MoveToArea/Description": "texts/entities/shared_s.json.json",
    "/549/ChildBranches/17/DefaultEvent/MoveToArea/Name": "texts/entities/shared_s.json.json",
    "/549/ChildBranches/4/DefaultEvent/MoveToArea/Description": "texts/entities/shared_s.json.json",
    "/549/ChildBranches/4/DefaultEvent/MoveToArea/Name": "texts/entities/shared_s.json.json",
    "/549/Name": "texts/entities/shared_s.json.json",
    "/570/ChildBranches/1/DefaultEvent/Teaser": "texts/entities/shared_s.json.json",
    "/577/ChildBranches/2/Name": "texts/entities/shared_s.json.json",
    "/577/ChildBranches/4/Name": "texts/entities/shared_s.json.json",
    "/580/ChildBranches/0/Name": "texts/shared_s.json.json",
    "/580/ChildBranches/1/Name": "texts/shared_s.json.json",
    "/580/ChildBranches/13/Name": "texts/shared_s.json.json",
    "/580/ChildBranches/14/Name": "texts/shared_s.json.json",
    "/580/ChildBranches/19/Name": "texts/shared_s.json.json",
    "/580/ChildBranches/2/Name": "texts/shared_s.json.json",
    "/580/ChildBranches/20/Name": "texts/shared_s.json.json",
    "/580/ChildBranches/21/Name": "texts/shared_s.json.json",
    "/580/ChildBranches/22/Name": "texts/entities/shared_s.json.json",
    "/580/ChildBranches/23/Name": "texts/entities/shared_s.json.json",
    "/580/ChildBranches/24/Name": "texts/shared_s.json.json",
    "/580/ChildBranches/25/Name": "texts/shared_s.json.json",
    "/580/ChildBranches/26/Name": "texts/shared_s.json.json",
    "/580/ChildBranches/27/Name": "texts/shared_s.json.json",
    "/580/ChildBranches/28/Name": "texts/shared_s.json.json",
    "/580/ChildBranches/29/Name": "texts/shared_s.json.json",
    "/580/ChildBranches/30/Name": "texts/shared_s.json.json",
    "/580/ChildBranches/31/Name": "texts/shared_s.json.json",
    "/580/ChildBranches/32/Name": "texts/shared_s.json.json",
    "/580/ChildBranches/33/Name": "texts/shared_s.json.json",
    "/580/ChildBranches/34/Name": "texts/shared_s.json.json",
    "/580/ChildBranches/35/Name": "texts/shared_s.json.json",
    "/580/ChildBranches/36/Name": "texts/shared_s.json.json",
    "/580/ChildBranches/37/Name": "texts/shared_s.json.json",
    "/580/ChildBranches/38/Name": "texts/shared_s.json.json",
    "/580/ChildBranches/39/Name": "texts/shared_s.json.json",
    "/580/ChildBranches/4/Name": "texts/shared_s.json.json",
    "/580/ChildBranches/40/Name": "texts/shared_s.json.json",
    "/580/ChildBranches/41/Name": "texts/entities/shared_s.json.json",
    "/580/ChildBranches/42/Name": "texts/shared_s.json.json",
    "/580/ChildBranches/43/Name": "texts/shared_s.json.json",
    "/580/ChildBranches/44/Name": "texts/shared_s.json.json",
    "/580/ChildBranches/45/Name": "texts/shared_s.json.json",
    "/580/ChildBranches/46/Name": "texts/shared_s.json.json",
    "/580/ChildBranches/47/Name": "texts/shared_s.json.json",
    "/580/ChildBranches/48/Name": "texts/shared_s.json.json",
    "/580/ChildBranches/49/Name": "texts/shared_s.json.json",
    "/580/ChildBranches/5/Name": "texts/shared_s.json.json",
    "/580/ChildBranches/50/Name": "texts/shared_s.json.json",
    "/580/ChildBranches/51/Name": "texts/shared_s.json.json",
    "/580/ChildBranches/52/Name": "texts/shared_s.json.json",
    "/580/ChildBranches/53/Name": "texts/shared_s.json.json",
    "/580/ChildBranches/54/Name": "texts/shared_s.json.json",
    "/580/ChildBranches/55/Name": "texts/shared_s.json.json",
    "/580/ChildBranches/56/Name": "texts/shared_s.json.json",
    "/580/ChildBranches/58/Name": "texts/shared_s.json.json",
    "/580/ChildBranches/59/Name": "texts/shared_s.json.json",
    "/580/ChildBranches/6/Name": "texts/shared_s.json.json",
    "/580/ChildBranches/60/Name": "texts/shared_s.json.json",
    "/580/ChildBranches/61/Name": "texts/shared_s.json.json",
    "/580/ChildBranches/62/Name": "texts/shared_s.json.json",
    "/580/ChildBranches/63/Name": "texts/shared_s.json.json",
    "/580/ChildBranches/64/Name": "texts/shared_s.json.json",
    "/580/ChildBranches/65/Name": "texts/shared_s.json.json",
    "/580/ChildBranches/66/Name": "texts/shared_s.json.json",
    "/580/ChildBranches/67/Name": "texts/shared_s.json.json",
    "/580/ChildBranches/68/Name": "texts/shared_s.json.json",
    "/580/ChildBranches/7/Name": "texts/shared_s.json.json",
    "/589/ChildBranches/1/Name": "texts/entities/shared_s.json.json",
    "/619/ChildBranches/2/Name": "texts/shared_s.json.json",
    "/62/ChildBranches/0/DefaultEvent/MoveToArea/Name": "texts/shared_s.json.json",
    "/62/ChildBranches/1/DefaultEvent/MoveToArea/Name": "texts/shared_s.json.json",
    "/62/ChildBranches/1/Name": "texts/shared_s.json.json",
    "/62/ChildBranches/10/DefaultEvent/MoveToArea/Name": "texts/shared_s.json.json",
    "/62/ChildBranches/10/Name": "texts/shared_s.json.json",
    "/62/ChildBranches/11/DefaultEvent/MoveToArea/Name": "texts/entities/shared_s.json.json",
    "/62/ChildBranches/3/DefaultEvent/MoveToArea/Name": "texts/shared_s.json.json",
    "/62/ChildBranches/3/Name": "texts/shared_s.json.json",
    "/62/ChildBranches/4/DefaultEvent/MoveToArea/Name": "texts/shared_s.json.json",
    "/62/ChildBranches/5/DefaultEvent/MoveToArea/Name": "texts/shared_s.json.json",
    "/62/ChildBranches/5/Name": "texts/shared_s.json.json",
    "/62/ChildBranches/6/DefaultEvent/MoveToArea/Name": "texts/shared_s.json.json",
    "/62/ChildBranches/6/Name": "texts/shared_s.json.json",
    "/62/ChildBranches/7/DefaultEvent/MoveToArea/Name": "texts/shared_s.json.json",
    "/62/ChildBranches/7/Name": "texts/shared_s.json.json",
    "/62/ChildBranches/8/DefaultEvent/MoveToArea/Name": "texts/shared_s.json.json",
    "/62/ChildBranches/8/Name": "texts/shared_s.json.json",
    "/62/ChildBranches/9/DefaultEvent/MoveToArea/Name": "texts/shared_s.json.json",
    "/62/ChildBranches/9/Name": "texts/shared_s.json.json",
    "/622/ChildBranches/21/DefaultEvent/Name": "texts/shared_s.json.json",
    "/622/Name": "texts/shared_s.json.json",
    "/626/ChildBranches/2/Name": "texts/entities/shared_s.json.json",
    "/634/Name": "texts/shared_s.json.json",
    "/635/Name": "texts/shared_s.json.json",
    "/636/ChildBranches/0/SuccessEvent/MoveToArea/Name": "texts/entities/shared_s.json.json",
    "/636/ChildBranches/1/DefaultEvent/MoveToArea/Name": "texts/entities/shared_s.json.json",
    "/636/ChildBranches/2/DefaultEvent/MoveToArea/Name": "texts/entities/shared_s.json.json",
    "/636/ChildBranches/3/SuccessEvent/MoveToArea/Name": "texts/entities/shared_s.json.json",
    "/636/ChildBranches/4/SuccessEvent/MoveToArea/Name": "texts/entities/shared_s.json.json",
    "/641/ChildBranches/0/RareSuccessEvent/Teaser": "texts/entities/shared_s.json.json",
    "/651/ChildBranches/1/Name": "texts/shared_s.json.json",
    "/651/Name": "texts/entities/shared_s.json.json",
    "/654/ChildBranches/2/Name": "texts/shared_s.json.json",
    "/655/ChildBranches/3/Name": "texts/shared_s.json.json",
    "/655/Name": "texts/shared_s.json.json",
    "/657/Name": "texts/entities/shared_s.json.json",
    "/658/Name": "texts/shared_s.json.json",
    "/662/Name": "texts/shared_s.json.json",
    "/664/ChildBranches/6/DefaultEvent/Name": "texts/entities/shared_s.json.json",
    "/664/Name": "texts/shared_s.json.json",
    "/668/ChildBranches/12/DefaultEvent/Teaser": "texts/entities/shared_s.json.json",
    "/673/ChildBranches/1/Name": "texts/entities/shared_s.json.json",
    "/678/ChildBranches/0/DefaultEvent/MoveToArea/Name": "texts/entities/shared_s.json.json",
    "/683/Name": "texts/shared_s.json.json",
    "/688/Name": "texts/shared_s.json.json",
    "/694/Name": "texts/shared_s.json.json",
    "/697/Name": "texts/shared_s.json.json",
    "/699/ChildBranches/14/DefaultEvent/Teaser": "texts/entities/shared_s.json.json",
    "/699/ChildBranches/14/RareDefaultEvent/Teaser": "texts/entities/shared_s.json.json",
    "/699/Name": "texts/shared_s.json.json",
    "/702/Name": "texts/shared_s.json.json",
    "/703/Name": "texts/shared_s.json.json",
    "/705/Name": "texts/shared_s.json.json",
    "/707/Name": "texts/shared_s.json.json",
    "/709/Name": "texts/shared_s.json.json",
    "/71/ChildBranches/0/Name": "texts/shared_s.json.json",
    "/71/ChildBranches/1/Name": "texts/shared_s.json.json",
    "/71/ChildBranches/3/Name": "texts/shared_s.json.json",
    "/71/ChildBranches/5/Name": "texts/shared_s.json.json",
    "/71/ChildBranches/6/Name": "texts/shared_s.json.json",
    "/71/ChildBranches/7/Name": "texts/shared_s.json.json",
    "/710/Name": "texts/entities/shared_s.json.json",
    "/711/Name": "texts/shared_s.json.json",
    "/716/ChildBranches/3/DefaultEvent/Teaser": "texts/entities/shared_s.json.json",
    "/716/ChildBranches/3/RareDefaultEvent/Teaser": "texts/entities/shared_s.json.json",
    "/716/ChildBranches/3/RareSuccessEvent/Teaser": "texts/entities/shared_s.json.json",
    "/716/ChildBranches/3/SuccessEvent/Teaser": "texts/entities/shared_s.json.json",
    "/72/ChildBranches/0/DefaultEvent/Name": "texts/entities/shared_s.json.json",
    "/727/Name": "texts/shared_s.json.json",
    "/732/Name": "texts/shared_s.json.json",
    "/738/Name": "texts/shared_s.json.json",
    "/746/Name": "texts/shared_s.json.json",
    "/759/Name": "texts/shared_s.json.json",
    "/779/ChildBranches/4/DefaultEvent/Name": "texts/shared_s.json.json",
    "/779/ChildBranches/4/RareDefaultEvent/Name": "texts/shared_s.json.json",
    "/779/Name": "texts/shared_s.json.json",
    "/781/Name": "texts/shared_s.json.json",
    "/782/Name": "texts/entities/shared_s.json.json",
    "/810/ChildBranches/0/DefaultEvent/MoveToArea/Description": "texts/entities/shared_s.json.json",
    "/810/ChildBranches/0/DefaultEvent/MoveToArea/Name": "texts/entities/shared_s.json.json",
    "/810/ChildBranches/5/Name": "texts/entities/shared_s.json.json",
    "/811/Name": "texts/entities/shared_s.json.json",
    "/812/ChildBranches/0/DefaultEvent/MoveToArea/Name": "texts/entities/shared_s.json.json",
    "/812/ChildBranches/6/DefaultEvent/MoveToArea/Name": "texts/entities/shared_s.json.json",
    "/812/Name": "texts/shared_s.json.json",
    "/813/ChildBranches/3/DefaultEvent/MoveToArea/Description": "texts/entities/shared_s.json.json",
    "/813/ChildBranches/3/DefaultEvent/MoveToArea/Name": "texts/shared_s.json.json",
    "/814/ChildBranches/4/DefaultEvent/MoveToArea/Name": "texts/entities/shared_s.json.json",
    "/815/ChildBranches/1/DefaultEvent/MoveToArea/Description": "texts/entities/shared_s.json.json",
    "/815/ChildBranches/1/DefaultEvent/MoveToArea/Name": "texts/entities/shared_s.json.json",
    "/816/Name": "texts/shared_s.json.json",
    "/817/ChildBranches/0/DefaultEvent/Name": "texts/entities/shared_s.json.json",
    "/817/ChildBranches/0/RareDefaultEvent/Name": "texts/entities/shared_s.json.json",
    "/817/ChildBranches/13/DefaultEvent/Name": "texts/entities/shared_s.json.json",
    "/817/ChildBranches/13/RareDefaultEvent/Name": "texts/entities/shared_s.json.json",
    "/817/ChildBranches/3/DefaultEvent/MoveToArea/Name": "texts/entities/shared_s.json.json",
    "/817/Name": "texts/shared_s.json.json",
    "/822/Name": "texts/entities/shared_s.json.json",
    "/823/Name": "texts/shared_s.json.json",
    "/825/ChildBranches/0/DefaultEvent/MoveToArea/Description": "texts/entities/shared_s.json.json",
    "/825/ChildBranches/0/DefaultEvent/MoveToArea/Name": "texts/entities/shared_s.json.json",
    "/825/ChildBranches/1/DefaultEvent/MoveToArea/Description": "texts/entities/shared_s.json.json",
    "/825/ChildBranches/1/DefaultEvent/MoveToArea/Name": "texts/entities/shared_s.json.json",
    "/825/ChildBranches/2/DefaultEvent/MoveToArea/Description": "texts/entities/shared_s.json.json",
    "/825/ChildBranches/2/DefaultEvent/MoveToArea/Name": "texts/entities/shared_s.json.json",
    "/830/Name": "texts/shared_s.json.json",
    "/831/ChildBranches/1/DefaultEvent/MoveToArea/Name": "texts/entities/shared_s.json.json",
    "/831/Name": "texts/shared_s.json.json",
    "/832/ChildBranches/6/DefaultEvent/MoveToArea/Description": "texts/entities/shared_s.json.json",
    "/832/ChildBranches/6/DefaultEvent/MoveToArea/Name": "texts/entities/shared_s.json.json",
    "/832/Name": "texts/entities/shared_s.json.json",
    "/843/Name": "texts/shared_s.json.json",
    "/847/ChildBranches/1/DefaultEvent/Name": "texts/shared_s.json.json",
    "/847/Name": "texts/shared_s.json.json",
    "/848/Name": "texts/shared_s.json.json",
    "/850/Name": "texts/shared_s.json.json",
    "/858/Name": "texts/shared_s.json.json",
    "/862/ChildBranches/4/DefaultEvent/Teaser": "texts/entities/shared_s.json.json",
    "/862/Name": "texts/shared_s.json.json",
    "/863/ChildBranches/6/DefaultEvent/Teaser": "texts/entities/shared_s.json.json",
    "/863/Name": "texts/shared_s.json.json",
    "/864/Name": "texts/shared_s.json.json",
    "/869/Name": "texts/shared_s.json.json",
    "/873/ChildBranches/13/Name": "texts/shared_s.json.json",
    "/873/ChildBranches/13/SuccessEvent/Teaser": "texts/entities/shared_s.json.json",
    "/873/Name": "texts/shared_s.json.json"
  },
  "entities/exchanges.json": {
    "/1/Name": "texts/shared_s.json.json",
    "/18/Name": "texts/shared_s.json.json",
    "/20/Name": "texts/shared_s.json.json",
    "/22/Name": "texts/shared_s.json.json",
    "/23/Name": "texts/shared_s.json.json",
    "/24/Name": "texts/shared_s.json.json",
    "/25/Name": "texts/shared_s.json.json",
    "/28/Name": "texts/shared_s.json.json",
    "/29/Name": "texts/shared_s.json.json",
    "/3/Name": "texts/shared_s.json.json",
    "/30/Name": "texts/shared_s.json.json",
    "/5/Name": "texts/entities/shared_s.json.json",
    "/7/Name": "texts/shared_es.json.json",
    "/8/Name": "texts/shared_s.json.json"
  },
  "entities/qualities.json": {
    "/0/Name": "texts/entities/shared_s.json.json",
    "/1/Name": "texts/entities/shared_s.json.json",
    "/102/Name": "texts/entities/shared_s.json.json",
    "/105/Name": "texts/shared_s.json.json",
    "/118/Name": "texts/entities/shared_s.json.json",
    "/122/AvailableAt": "texts/shared_s.json.json",
    "/123/AvailableAt": "texts/shared_s.json.json",
    "/124/AvailableAt": "texts/shared_s.json.json",
    "/13/Name": "texts/shared_s.json.json",
    "/151/Name": "texts/shared_s.json.json",
    "/16/Name": "texts/entities/shared_s.json.json",
    "/17/Name": "texts/entities/shared_s.json.json",
    "/173/AvailableAt": "texts/shared_s.json.json",
    "/176/AvailableAt": "texts/shared_s.json.json",
    "/182/AvailableAt": "texts/shared_s.json.json",
    "/184/AvailableAt": "texts/shared_s.json.json",
    "/185/AvailableAt": "texts/shared_s.json.json",
    "/189/AvailableAt": "texts/shared_s.json.json",
    "/190/AvailableAt": "texts/shared_s.json.json",
    "/193/Name": "texts/entities/shared_s.json.json",
    "/197/Description": "texts/entities/shared_s.json.json",
    "/208/Name": "texts/entities/shared_s.json.json",
    "/211/Name": "texts/entities/shared_s.json.json",
    "/220/Name": "texts/entities/shared_s.json.json",
    "/224/Name": "texts/entities/shared_s.json.json",
    "/23/Name": "texts/entities/shared_s.json.json",
    "/233/AvailableAt": "texts/shared_s.json.json",
    "/252/Name": "texts/shared_s.json.json",
    "/258/Name": "texts/entities/shared_s.json.json",
    "/286/Name": "texts/shared_s.json.json",
    "/330/Name": "texts/shared_s.json.json",
    "/334/Name": "texts/shared_s.json.json",
    "/356/Name": "texts/shared_s.json.json",
    "/372/Name": "texts/shared_s.json.json",
    "/378/Name": "texts/entities/shared_s.json.json",
    "/400/Name": "texts/entities/shared_s.json.json",
    "/44/AvailableAt": "texts/shared_s.json.json",
    "/464/Name": "texts/entities/shared_s.json.json",
    "/465/Name": "texts/entities/shared_s.json.json",
    "/499/Name": "texts/shared_s.json.json",
    "/5/Name": "texts/entities/shared_s.json.json",
    "/520/Name": "texts/entities/shared_s.json.json",
    "/588/AvailableAt": "texts/shared_s.json.json",
    "/628/Name": "texts/entities/shared_s.json.json",
    "/699/Name": "texts/entities/shared_s.json.json",
    "/7/AvailableAt": "texts/shared_s.json.json",
    "/700/Name": "texts/shared_s.json.json",
    "/701/Name": "texts/entities/shared_s.json.json",
    "/711/Name": "texts/shared_s.json.json",
    "/715/Name": "texts/entities/shared_s.json.json",
    "/716/Name": "texts/shared_s.json.json",
    "/776/Name": "texts/shared_s.json.json",
    "/800/Name": "texts/entities/shared_s.json.json",
    "/812/Name": "texts/entities/shared_s.json.json",
    "/820/Name": "texts/entities/shared_s.json.json",
    "/848/Name": "texts/shared_s.json.json",
    "/873/Name": "texts/entities/shared_s.json.json",
    "/9/Name": "texts/entities/shared_s.json.json",
    "/909/Name": "texts/entities/shared_s.json.json",
    "/918/Name": "texts/entities/shared_s.json.json",
    "/919/Name": "texts/entities/shared_s.json.json",
    "/97/Name": "texts/entities/shared_s.json.json"
  },
  "geography/Tiles.json": {
    "/0/Tiles/0/LabelData/0/Label": "texts/shared_s.json.json",
    "/1/Tiles/0/LabelData/6/Label": "texts/shared_s.json.json",
    "/1/Tiles/0/LabelData/7/Label": "texts/shared_s.json.json",
    "/10/Tiles/0/LabelData/0/Label": "texts/shared_s.json.json",
    "/10/Tiles/0/LabelData/1/Label": "texts/shared_s.json.json",
    "/10/Tiles/0/LabelData/2/Label": "texts/shared_s.json.json",
    "/11/Tiles/0/HumanName": "texts/shared_s.json.json",
    "/11/Tiles/0/LabelData/4/Label": "texts/shared_s.json.json",
    "/14/Tiles/0/LabelData/0/Label": "texts/shared_s.json.json",
    "/15/Tiles/0/HumanName": "texts/shared_s.json.json",
    "/15/Tiles/0/LabelData/0/Label": "texts/shared_s.json.json",
    "/16/Tiles/0/LabelData/0/Label": "texts/shared_s.json.json",
    "/17/Tiles/0/LabelData/1/Label": "texts/shared_s.json.json",
    "/17/Tiles/0/LabelData/2/Label": "texts/shared_s.json.json",
    "/18/Tiles/0/LabelData/0/Label": "texts/shared_s.json.json",
    "/19/Tiles/0/LabelData/0/Label": "texts/shared_s.json.json",
    "/2/Tiles/0/LabelData/0/Label": "texts/shared_s.json.json",
    "/20/Tiles/0/LabelData/1/Label": "texts/shared_s.json.json",
    "/21/Tiles/0/LabelData/0/Label": "texts/shared_s.json.json",
    "/21/Tiles/0/LabelData/5/Label": "texts/shared_s.json.json",
    "/22/Tiles/0/LabelData/11/Label": "texts/shared_es.json.json",
    "/22/Tiles/0/LabelData/12/Label": "texts/shared_s.json.json",
    "/22/Tiles/0/LabelData/13/Label": "texts/shared_s.json.json",
    "/22/Tiles/0/LabelData/14/Label": "texts/shared_s.json.json",
    "/23/Tiles/0/LabelData/2/Label": "texts/shared_s.json.json",
    "/23/Tiles/0/LabelData/5/Label": "texts/shared_s.json.json",
    "/24/Tiles/0/LabelData/1/Label": "texts/shared_s.json.json",
    "/24/Tiles/0/LabelData/4/Label": "texts/shared_s.json.json",
    "/25/Tiles/0/LabelData/0/Label": "texts/shared_s.json.json",
    "/26/Tiles/0/LabelData/0/Label": "texts/shared_s.json.json",
    "/26/Tiles/0/LabelData/1/Label": "texts/shared_s.json.json",
    "/26/Tiles/0/LabelData/2/Label": "texts/shared_s.json.json",
    "/26/Tiles/0/LabelData/6/Label": "texts/shared_s.json.json",
    "/28/Tiles/0/LabelData/7/Label": "texts/shared_s.json.json",
    "/28/Tiles/0/LabelData/8/Label": "texts/shared_s.json.json",
    "/28/Tiles/0/LabelData/9/Label": "texts/shared_s.json.json",
    "/29/Tiles/0/LabelData/1/Label": "texts/shared_s.json.json",
    "/29/Tiles/0/LabelData/12/Label": "texts/shared_s.json.json",
    "/29/Tiles/0/LabelData/13/Label": "texts/shared_s.json.json",
    "/29/Tiles/0/LabelData/5/Label": "texts/shared_s.json.json",
    "/29/Tiles/0/LabelData/6/Label": "texts/shared_s.json.json",
    "/29/Tiles/0/LabelData/8/Label": "texts/shared_s.json.json",
    "/3/Tiles/0/HumanName": "texts/shared_s.json.json",
    "/3/Tiles/0/LabelData/0/Label": "texts/shared_s.json.json",
    "/3/Tiles/0/LabelData/1/Label": "texts/shared_s.json.json",
    "/3/Tiles/0/LabelData/6/Label": "texts/shared_s.json.json",
    "/30/Tiles/0/LabelData/0/Label": "texts/shared_s.json.json",
    "/32/Tiles/0/LabelData/0/Label": "texts/shared_s.json.json",
    "/32/Tiles/0/LabelData/2/Label": "texts/shared_s.json.json",
    "/32/Tiles/0/LabelData/5/Label": "texts/shared_s.json.json",
    "/32/Tiles/0/LabelData/8/Label": "texts/shared_s.json.json",
    "/33/Tiles/0/LabelData/0/Label": "texts/shared_s.json.json",
    "/33/Tiles/0/LabelData/3/Label": "texts/shared_s.json.json",
    "/34/Tiles/0/LabelData/0/Label": "texts/shared_s.json.json",
    "/35/Tiles/0/LabelData/1/Label": "texts/shared_s.json.json",
    "/35/Tiles/0/LabelData/6/Label": "texts/shared_s.json.json",
    "/36/Tiles/0/LabelData/2/Label": "texts/shared_s.json.json",
    "/37/Tiles/0/LabelData/0/Label": "texts/shared_s.json.json",
    "/4/Tiles/0/LabelData/0/Label": "texts/shared_s.json.json",
    "/5/Tiles/0/LabelData/0/Label": "texts/shared_s.json.json",
    "/6/Tiles/0/LabelData/3/Label": "texts/shared_s.json.json",
    "/7/Tiles/0/LabelData/0/Label": "texts/shared_s.json.json",
    "/9/Tiles/0/LabelData/0/Label": "texts/shared_s.json.json"
  }
}