[
  {
    "Description": "沦敦! 幽深, 黑暗而不可思议. 所有的航行从这里开始: 所有成功的航行在这里结束.",
    "HideName": false,
    "Id": 100321,
    "ImageName": "fallenlondon_port",
    "MapX": 0,
    "MapY": 0,
    "MarketAccessPermitted": false,
    "MoveMessage": null,
    "Name": "沦敦",
    "PremiumSubRequired": false,
    "RandomPostcard": false,
    "ShowOps": false,
    "UnlocksWithQuality": null,
    "World": null
  },
  {
    "Description": "沦敦",
    "HideName": false,
    "Id": 100369,
    "ImageName": "city",
    "MapX": 0,
    "MapY": 0,
    "MarketAccessPermitted": false,
    "MoveMessage": "你移动到了新的地方",
    "Name": "REUSE",
    "PremiumSubRequired": false,
    "RandomPostcard": false,
    "ShowOps": false,
    "UnlocksWithQuality": null,
    "World": null
  },
  {
    "Description": "声音之海",
    "HideName": false,
    "Id": 100370,
    "ImageName": "fish",
    "MapX": 0,
    "MapY": 0,
    "MarketAccessPermitted": false,
    "MoveMessage": "你移动到了新的地方",
    "Name": "声音之海",
    "PremiumSubRequired": false,
    "RandomPostcard": false,
    "ShowOps": false,
    "UnlocksWithQuality": null,
    "World": null
  },
  {
    "Description": "伦敦最后的皇家殖民地. 珍重.",
    "HideName": false,
    "Id": 100371,
    "ImageName": "portcarnelian_port",
    "MapX": 0,
    "MapY": 0,
    "MarketAccessPermitted": false,
    "MoveMessage": "你移动到了新的地方",
    "Name": "玛瑙港",
    "PremiumSubRequired": false,
    "RandomPostcard": false,
    "ShowOps": false,
    "UnlocksWithQuality": null,
    "World": null
  },
  {
    "Description": "在不朽的遗迹之上,有蘑菇木建立的仓库和驿站.",
    "HideName": false,
    "Id": 100372,
    "ImageName": "adamscape_port",
    "MapX": 0,
    "MapY": 0,
    "MarketAccessPermitted": false,
    "MoveMessage": "你移动到了新的地方",
    "Name": "亚当之路",
    "PremiumSubRequired": false,
    "RandomPostcard": false,
    "ShowOps": false,
    "UnlocksWithQuality": null,
    "World": null
  },
  {
    "Description": "地狱的傀儡国. 小心点. 他们的法规不适用于人类和自然本身.",
    "HideName": false,
    "Id": 100373,
    "ImageName": "ironrepublic",
    "MapX": 0,
    "MapY": 0,
    "MarketAccessPermitted": false,
    "MoveMessage": "你移动到了新的地方",
    "Name": "奇怪的人",
    "PremiumSubRequired": false,
    "RandomPostcard": false,
    "ShowOps": false,
    "UnlocksWithQuality": null,
    "World": null
  },
  {
    "Description": "在沦敦, 死亡并非易事. 作为替代选择, 他们来到了这里.",
    "HideName": false,
    "Id": 100374,
    "ImageName": "venderbight",
    "MapX": 0,
    "MapY": 0,
    "MarketAccessPermitted": false,
    "MoveMessage": "你移动到了新的地方",
    "Name": "死亡侨居地",
    "PremiumSubRequired": false,
    "RandomPostcard": false,
    "ShowOps": false,
    "UnlocksWithQuality": null,
    "World": null
  },
  {
    "Description": "一片炎热的真菌森林.",
    "HideName": false,
    "Id": 100488,
    "ImageName": "demeauxisland_port",
    "MapX": 0,
    "MapY": 0,
    "MarketAccessPermitted": false,
    "MoveMessage": "你移动到了新的地方",
    "Name": "德莫岛",
    "PremiumSubRequired": false,
    "RandomPostcard": false,
    "ShowOps": false,
    "UnlocksWithQuality": null,
    "World": null
  },
  {
    "Description": "地下深处的水域.",
    "HideName": false,
    "Id": 101925,
    "ImageName": "shipwheel",
    "MapX": 0,
    "MapY": 0,
    "MarketAccessPermitted": false,
    "MoveMessage": "你移动到了新的地方",
    "Name": "海泽",
    "PremiumSubRequired": false,
    "RandomPostcard": false,
    "ShowOps": false,
    "UnlocksWithQuality": null,
    "World": null
  },
  {
    "Description": null,
    "HideName": false,
    "Id": 101956,
    "ImageName": "generic_port",
    "MapX": 0,
    "MapY": 0,
    "MarketAccessPermitted": false,
    "MoveMessage": "你移动到了新的地方",
    "Name": "边境",
    "PremiumSubRequired": false,
    "RandomPostcard": false,
    "ShowOps": false,
    "UnlocksWithQuality": null,
    "World": null
  },
  {
    "Description": "一个盐滩旁的寒冷城市.",
    "HideName": false,
    "Id": 101979,
    "ImageName": "whither_port",
    "MapX": 0,
    "MapY": 0,
    "MarketAccessPermitted": false,
    "MoveMessage": "你已进港。",
    "Name": "何方",
    "PremiumSubRequired": false,
    "RandomPostcard": false,
    "ShowOps": false,
    "UnlocksWithQuality": null,
    "World": null
  },
  {
    "Description": "你听到了音乐没有?",
    "HideName": false,
    "Id": 101980,
    "ImageName": "chapeloflights_port",
    "MapX": 0,
    "MapY": 0,
    "MarketAccessPermitted": false,
    "MoveMessage": "你已进港。",
    "Name": "光之礼拜堂",
    "PremiumSubRequired": false,
    "RandomPostcard": false,
    "ShowOps": false,
    "UnlocksWithQuality": null,
    "World": null
  },
  {
    "Description": "一个和最荒诞不经的梦里出现的一样大的龟壳?",
    "HideName": false,
    "Id": 101981,
    "ImageName": "chelonate_port",
    "MapX": 0,
    "MapY": 0,
    "MarketAccessPermitted": false,
    "MoveMessage": "你已进港。",
    "Name": "切洛内特",
    "PremiumSubRequired": false,
    "RandomPostcard": false,
    "ShowOps": false,
    "UnlocksWithQuality": null,
    "World": null
  },
  {
    "Description": "谨慎行事.",
    "HideName": false,
    "Id": 101982,
    "ImageName": "corsairsforest_port",
    "MapX": 0,
    "MapY": 0,
    "MarketAccessPermitted": false,
    "MoveMessage": "你已进港。",
    "Name": "加德的哀悼",
    "PremiumSubRequired": false,
    "RandomPostcard": false,
    "ShowOps": false,
    "UnlocksWithQuality": null,
    "World": null
  },
  {
    "Description": "甜蜜而荒芜的气味还有野外的哭声.",
    "HideName": false,
    "Id": 101983,
    "ImageName": "wolfstack",
    "MapX": 0,
    "MapY": 0,
    "MarketAccessPermitted": false,
    "MoveMessage": "你已进港。",
    "Name": "哭泣高地",
    "PremiumSubRequired": false,
    "RandomPostcard": false,
    "ShowOps": false,
    "UnlocksWithQuality": null,
    "World": null
  },
  {
    "Description": "远方的歌声就像海市蜃楼一样.",
    "HideName": false,
    "Id": 101984,
    "ImageName": "grandgeode_port",
    "MapX": 0,
    "MapY": 0,
    "MarketAccessPermitted": false,
    "MoveMessage": "你已进港。",
    "Name": "宏伟晶洞",
    "PremiumSubRequired": false,
    "RandomPostcard": false,
    "ShowOps": false,
    "UnlocksWithQuality": null,
    "World": null
  },
  {
    "Description": "猿猴们饥饿地看着你.",
    "HideName": false,
    "Id": 101985,
    "ImageName": "empireofhands_port",
    "MapX": 0,
    "MapY": 0,
    "MarketAccessPermitted": false,
    "MoveMessage": "你已进港。",
    "Name": "手掌帝国",
    "PremiumSubRequired": false,
    "RandomPostcard": false,
    "ShowOps": false,
    "UnlocksWithQuality": null,
    "World": null
  },
  {
    "Description": "充斥了讨厌的蝙蝠粪便和血液混合在一起的味道.",
    "HideName": false,
    "Id": 101986,
    "ImageName": "wolfstack",
    "MapX": 0,
    "MapY": 0,
    "MarketAccessPermitted": false,
    "MoveMessage": "你已进港。",
    "Name": "羽毛港",
    "PremiumSubRequired": false,
    "RandomPostcard": false,
    "ShowOps": false,
    "UnlocksWithQuality": null,
    "World": null
  },
  {
    "Description": "从来都没人能真实的描述这个地方.",
    "HideName": false,
    "Id": 101987,
    "ImageName": "irem_port",
    "MapX": 0,
    "MapY": 0,
    "MarketAccessPermitted": false,
    "MoveMessage": "你已进港。",
    "Name": "伊瑞暮",
    "PremiumSubRequired": false,
    "RandomPostcard": false,
    "ShowOps": false,
    "UnlocksWithQuality": null,
    "World": null
  },
  {
    "Description": "一个宏伟而孤立的地方.",
    "HideName": false,
    "Id": 101988,
    "ImageName": "khansglory_port",
    "MapX": 0,
    "MapY": 0,
    "MarketAccessPermitted": false,
    "MoveMessage": "你已进港。",
    "Name": "可汗的荣耀",
    "PremiumSubRequired": false,
    "RandomPostcard": false,
    "ShowOps": false,
    "UnlocksWithQuality": null,
    "World": null
  },
  {
    "Description": "伦敦的对头.",
    "HideName": false,
    "Id": 101989,
    "ImageName": "khansheart_port",
    "MapX": 0,
    "MapY": 0,
    "MarketAccessPermitted": false,
    "MoveMessage": "你已进港。",
    "Name": "可汗之心",
    "PremiumSubRequired": false,
    "RandomPostcard": false,
    "ShowOps": false,
    "UnlocksWithQuality": null,
    "World": null
  },
  {
    "Description": "漂浮着的城市.",
    "HideName": false,
    "Id": 101990,
    "ImageName": "khansshadow_port",
    "MapX": 0,
    "MapY": 0,
    "MarketAccessPermitted": false,
    "MoveMessage": "你已进港。",
    "Name": "可汗之影",
    "PremiumSubRequired": false,
    "RandomPostcard": false,
    "ShowOps": false,
    "UnlocksWithQuality": null,
    "World": null
  },
  {
    "Description": "回声跟着你进入了柱廊.",
    "HideName": false,
    "Id": 101991,
    "ImageName": "kingeaterscastle_port",
    "MapX": 0,
    "MapY": 0,
    "MarketAccessPermitted": false,
    "MoveMessage": "你已进港。",
    "Name": "噬王者的城堡",
    "PremiumSubRequired": false,
    "RandomPostcard": false,
    "ShowOps": false,
    "UnlocksWithQuality": null,
    "World": null
  },
  {
    "Description": "硫磺, 全是硫磺.",
    "HideName": false,
    "Id": 101992,
    "ImageName": "portpalmerston",
    "MapX": 0,
    "MapY": 0,
    "MarketAccessPermitted": false,
    "MoveMessage": "你已进港。",
    "Name": "帕默斯顿山",
    "PremiumSubRequired": false,
    "RandomPostcard": false,
    "ShowOps": false,
    "UnlocksWithQuality": null,
    "World": null
  },
  {
    "Description": "信使, 勿归.",
    "HideName": false,
    "Id": 101993,
    "ImageName": "nuncio_port",
    "MapX": 0,
    "MapY": 0,
    "MarketAccessPermitted": false,
    "MoveMessage": "你已进港。",
    "Name": "农西奥",
    "PremiumSubRequired": false,
    "RandomPostcard": false,
    "ShowOps": false,
    "UnlocksWithQuality": null,
    "World": null
  },
  {
    "Description": "没有光源,但是你确定这里发着银色的光.对游戏玩家来说这里是天堂.",
    "HideName": false,
    "Id": 101994,
    "ImageName": "principlesofcoral_port",
    "MapX": 0,
    "MapY": 0,
    "MarketAccessPermitted": false,
    "MoveMessage": "你已进港。",
    "Name": "塞西尔港",
    "PremiumSubRequired": false,
    "RandomPostcard": false,
    "ShowOps": false,
    "UnlocksWithQuality": null,
    "World": null
  },
  {
    "Description": "洛林港:以最有上进心的溺亡者命名.磷光生物发着绿光. 在这下面的某处,王等待着.",
    "HideName": false,
    "Id": 101996,
    "ImageName": "fathomkingshold_port",
    "MapX": 0,
    "MapY": 0,
    "MarketAccessPermitted": false,
    "MoveMessage": "你已进港。",
    "Name": "深寻王的堡垒",
    "PremiumSubRequired": false,
    "RandomPostcard": false,
    "ShowOps": false,
    "UnlocksWithQuality": null,
    "World": null
  },
  {
    "Description": "它们空洞的眼中是无尽的伤感.",
    "HideName": false,
    "Id": 101997,
    "ImageName": "saltlions_port",
    "MapX": 0,
    "MapY": 0,
    "MarketAccessPermitted": false,
    "MoveMessage": "你已进港。",
    "Name": "盐狮",
    "PremiumSubRequired": false,
    "RandomPostcard": false,
    "ShowOps": false,
    "UnlocksWithQuality": null,
    "World": null
  },
  {
    "Description": "它们移动时发出的持续不断的声音让你想到了海岸上的卵石。。。",
    "HideName": false,
    "Id": 101998,
    "ImageName": "gossamerway_port",
    "MapX": 0,
    "MapY": 0,
    "MarketAccessPermitted": false,
    "MoveMessage": "你已进港。",
    "Name": "救世主岩礁",
    "PremiumSubRequired": false,
    "RandomPostcard": false,
    "ShowOps": false,
    "UnlocksWithQuality": null,
    "World": null
  },
  {
    "Description": "背叛在这里等待着.",
    "HideName": false,
    "Id": 101999,
    "ImageName": "generic_port",
    "MapX": 0,
    "MapY": 0,
    "MarketAccessPermitted": false,
    "MoveMessage": "你已进港。",
    "Name": "伤心群岛",
    "PremiumSubRequired": false,
    "RandomPostcard": false,
    "ShowOps": false,
    "UnlocksWithQuality": null,
    "World": null
  },
  {
    "Description": "前有尖叫.",
    "HideName": false,
    "Id": 102000,
    "ImageName": "polythreme_port",
    "MapX": 0,
    "MapY": 0,
    "MarketAccessPermitted": false,
    "MoveMessage": "你已进港。",
    "Name": "碎心国",
    "PremiumSubRequired": false,
    "RandomPostcard": false,
    "ShowOps": false,
    "UnlocksWithQuality": null,
    "World": null
  },
  {
    "Description": "山腰上有火光...",
    "HideName": false,
    "Id": 102001,
    "ImageName": "muttonisland_port",
    "MapX": 0,
    "MapY": 0,
    "MarketAccessPermitted": false,
    "MoveMessage": "你已进港。",
    "Name": "羊岛",
    "PremiumSubRequired": false,
    "RandomPostcard": false,
    "ShowOps": false,
    "UnlocksWithQuality": null,
    "World": null
  },
  {
    "Description": "一个安静的岛屿;一幢古老的大屋.",
    "HideName": false,
    "Id": 102002,
    "ImageName": "hunterskeep_port",
    "MapX": 0,
    "MapY": 0,
    "MarketAccessPermitted": false,
    "MoveMessage": "你已进港。",
    "Name": "猎户塔楼",
    "PremiumSubRequired": false,
    "RandomPostcard": false,
    "ShowOps": false,
    "UnlocksWithQuality": null,
    "World": null
  },
  {
    "Description": "玫瑰盛开的地方.",
    "HideName": false,
    "Id": 102003,
    "ImageName": "isleofcats_port",
    "MapX": 0,
    "MapY": 0,
    "MarketAccessPermitted": false,
    "MoveMessage": "你已进港。",
    "Name": "猫岛",
    "PremiumSubRequired": false,
    "RandomPostcard": false,
    "ShowOps": false,
    "UnlocksWithQuality": null,
    "World": null
  },
  {
    "Description": "遮住你的脸! 一点都不要露出来.",
    "HideName": false,
    "Id": 102004,
    "ImageName": "visage_port",
    "MapX": 0,
    "MapY": 0,
    "MarketAccessPermitted": false,
    "MoveMessage": "你已进港。",
    "Name": "维瑟吉",
    "PremiumSubRequired": false,
    "RandomPostcard": false,
    "ShowOps": false,
    "UnlocksWithQuality": null,
    "World": null
  },
  {
    "Description": "--?",
    "HideName": false,
    "Id": 102005,
    "ImageName": "wolfstack",
    "MapX": 0,
    "MapY": 0,
    "MarketAccessPermitted": false,
    "MoveMessage": "你已进港。",
    "Name": "--?",
    "PremiumSubRequired": false,
    "RandomPostcard": false,
    "ShowOps": false,
    "UnlocksWithQuality": null,
    "World": null
  },
  {
    "Description": "你带了血肉的礼物吗?",
    "HideName": false,
    "Id": 102006,
    "ImageName": "wolfstack",
    "MapX": 0,
    "MapY": 0,
    "MarketAccessPermitted": false,
    "MoveMessage": "你已进港。",
    "Name": "瘤节",
    "PremiumSubRequired": false,
    "RandomPostcard": false,
    "ShowOps": false,
    "UnlocksWithQuality": null,
    "World": null
  },
  {
    "Description": null,
    "HideName": false,
    "Id": 102133,
    "ImageName": "dawnmachine",
    "MapX": 0,
    "MapY": 0,
    "MarketAccessPermitted": false,
    "MoveMessage": "你移动到了新的地方",
    "Name": "黎明机",
    "PremiumSubRequired": false,
    "RandomPostcard": false,
    "ShowOps": false,
    "UnlocksWithQuality": null,
    "World": null
  },
  {
    "Description": "镜子之城, 光在这里就是法律。。。",
    "HideName": false,
    "Id": 102386,
    "ImageName": "varchas_port",
    "MapX": 0,
    "MapY": 0,
    "MarketAccessPermitted": false,
    "MoveMessage": "你移动到了新的地方",
    "Name": "瓦尔查斯",
    "PremiumSubRequired": false,
    "RandomPostcard": false,
    "ShowOps": false,
    "UnlocksWithQuality": null,
    "World": null
  },
  {
    "Description": "我们能推测出来还有一号和二号要塞. 也许还有四号要塞.",
    "HideName": false,
    "Id": 102387,
    "ImageName": "stationIII_port",
    "MapX": 0,
    "MapY": 0,
    "MarketAccessPermitted": false,
    "MoveMessage": "你移动到了新的地方",
    "Name": "三号要塞",
    "PremiumSubRequired": false,
    "RandomPostcard": false,
    "ShowOps": false,
    "UnlocksWithQuality": null,
    "World": null
  },
  {
    "Description": "[codename]",
    "HideName": false,
    "Id": 102388,
    "ImageName": "generic_port",
    "MapX": 0,
    "MapY": 0,
    "MarketAccessPermitted": false,
    "MoveMessage": "你移动到了新的地方",
    "Name": "罗布兰",
    "PremiumSubRequired": false,
    "RandomPostcard": false,
    "ShowOps": false,
    "UnlocksWithQuality": null,
    "World": null
  },
  {
    "Description": null,
    "HideName": false,
    "Id": 102389,
    "ImageName": "generic_port",
    "MapX": 0,
    "MapY": 0,
    "MarketAccessPermitted": false,
    "MoveMessage": "你移动到了新的地方",
    "Name": "---?",
    "PremiumSubRequired": false,
    "RandomPostcard": false,
    "ShowOps": false,
    "UnlocksWithQuality": null,
    "World": null
  },
  {
    "Description": "答案之岛.",
    "HideName": false,
    "Id": 102623,
    "ImageName": "generic_port",
    "MapX": 0,
    "MapY": 0,
    "MarketAccessPermitted": false,
    "MoveMessage": "你移动到了新的地方",
    "Name": "法典岛",
    "PremiumSubRequired": false,
    "RandomPostcard": false,
    "ShowOps": false,
    "UnlocksWithQuality": null,
    "World": null
  },
  {
    "Description": "羊,青苔, 竖立的石头.",
    "HideName": false,
    "Id": 102768,
    "ImageName": "generic_port",
    "MapX": 0,
    "MapY": 0,
    "MarketAccessPermitted": false,
    "MoveMessage": "你移动到了新的地方",
    "Name": "牧羊人之岛",
    "PremiumSubRequired": false,
    "RandomPostcard": false,
    "ShowOps": false,
    "UnlocksWithQuality": null,
    "World": null
  },
  {
    "Description": "冷酷的修女们在这里躲藏着.",
    "HideName": false,
    "Id": 102769,
    "ImageName": "abbeyrock_port",
    "MapX": 0,
    "MapY": 0,
    "MarketAccessPermitted": false,
    "MoveMessage": "你移动到了新的地方",
    "Name": "修道院岩礁",
    "PremiumSubRequired": false,
    "RandomPostcard": false,
    "ShowOps": false,
    "UnlocksWithQuality": null,
    "World": null
  },
  {
    "Description": "这就是终结之地.",
    "HideName": false,
    "Id": 102784,
    "ImageName": "avidhorizon_port",
    "MapX": 0,
    "MapY": 0,
    "MarketAccessPermitted": false,
    "MoveMessage": "你移动到了新的地方",
    "Name": "渴求之地平线",
    "PremiumSubRequired": false,
    "RandomPostcard": false,
    "ShowOps": false,
    "UnlocksWithQuality": null,
    "World": null
  },
  {
    "Description": "两栋房子,看起来都很庄严.",
    "HideName": false,
    "Id": 102804,
    "ImageName": "generic_port",
    "MapX": 0,
    "MapY": 0,
    "MarketAccessPermitted": false,
    "MoveMessage": "你移动到了新的地方",
    "Name": "皮格莫特岛",
    "PremiumSubRequired": false,
    "RandomPostcard": false,
    "ShowOps": false,
    "UnlocksWithQuality": null,
    "World": null
  },
  {
    "Description": "在这里,地表黑暗的海水奔涌而下, 这些水是从有光照的海里来的。。。",
    "HideName": false,
    "Id": 102832,
    "ImageName": "cumaeancanal_port",
    "MapX": 0,
    "MapY": 0,
    "MarketAccessPermitted": false,
    "MoveMessage": "你移动到了新的地方",
    "Name": "卡米安运河等待区",
    "PremiumSubRequired": false,
    "RandomPostcard": false,
    "ShowOps": false,
    "UnlocksWithQuality": null,
    "World": null
  },
  {
    "Description": "远离家乡.",
    "HideName": false,
    "Id": 102849,
    "ImageName": "lightship_port",
    "MapX": 0,
    "MapY": 0,
    "MarketAccessPermitted": false,
    "MoveMessage": "你移动到了新的地方",
    "Name": "灯塔船",
    "PremiumSubRequired": false,
    "RandomPostcard": false,
    "ShowOps": false,
    "UnlocksWithQuality": null,
    "World": null
  },
  {
    "Description": "有时候 - 只是有时候 - 洞顶上会落下小块岩石. 你真应该高兴你脚下的岛屿落下的时候你没在这里.",
    "HideName": false,
    "Id": 102852,
    "ImageName": "Godfall_port",
    "MapX": 0,
    "MapY": 0,
    "MarketAccessPermitted": false,
    "MoveMessage": "你移动到了新的地方",
    "Name": "神落",
    "PremiumSubRequired": false,
    "RandomPostcard": false,
    "ShowOps": false,
    "UnlocksWithQuality": null,
    "World": null
  },
  {
    "Description": "有时,阳光如雨. 有时,雨如阳光.",
    "HideName": false,
    "Id": 102882,
    "ImageName": "generic_port",
    "MapX": 0,
    "MapY": 0,
    "MarketAccessPermitted": false,
    "MoveMessage": "你移动到了新的地方",
    "Name": "地表",
    "PremiumSubRequired": false,
    "RandomPostcard": false,
    "ShowOps": false,
    "UnlocksWithQuality": null,
    "World": null
  },
  {
    "Description": "这片被孢子侵染的海域中高贵的核心",
    "HideName": false,
    "Id": 102960,
    "ImageName": "uttershroom_port",
    "MapX": 0,
    "MapY": 0,
    "MarketAccessPermitted": false,
    "MoveMessage": "你移动到了新的地方",
    "Name": "世纪之蕈",
    "PremiumSubRequired": false,
    "RandomPostcard": false,
    "ShowOps": false,
    "UnlocksWithQuality": null,
    "World": null
  },
  {
    "Description": "智者与一些邪恶的人都到这里来寻求庇护, 这里的水果很丰富,树林也在毫无节制的生长着.",
    "HideName": false,
    "Id": 103246,
    "ImageName": "generic_port",
    "MapX": 0,
    "MapY": 0,
    "MarketAccessPermitted": false,
    "MoveMessage": "你移动到了新的地方",
    "Name": "红树学院",
    "PremiumSubRequired": false,
    "RandomPostcard": false,
    "ShowOps": false,
    "UnlocksWithQuality": null,
    "World": null
  },
  {
    "Description": "隐藏在阴影中,包裹在蛛网里...",
    "HideName": false,
    "Id": 103869,
    "ImageName": "nocturne",
    "MapX": 0,
    "MapY": 0,
    "MarketAccessPermitted": false,
    "MoveMessage": "你移动到了新的地方",
    "Name": "可汗的荣耀",
    "PremiumSubRequired": false,
    "RandomPostcard": false,
    "ShowOps": false,
    "UnlocksWithQuality": null,
    "World": null
  },
  {
    "Description": "监狱的高墙无情的插在海中.",
    "HideName": false,
    "Id": 103958,
    "ImageName": "seaoflilies_port",
    "MapX": 0,
    "MapY": 0,
    "MarketAccessPermitted": false,
    "MoveMessage": "你移动到了新的地方",
    "Name": "智慧监狱",
    "PremiumSubRequired": false,
    "RandomPostcard": false,
    "ShowOps": false,
    "UnlocksWithQuality": null,
    "World": null
  },
  {
    "Description": null,
    "HideName": false,
    "Id": 104180,
    "ImageName": null,
    "MapX": 0,
    "MapY": 0,
    "MarketAccessPermitted": false,
    "MoveMessage": "你移动到了新的地方",
    "Name": "北方",
    "PremiumSubRequired": false,
    "RandomPostcard": false,
    "ShowOps": false,
    "UnlocksWithQuality": null,
    "World": null
  },
  {
    "Description": null,
    "HideName": false,
    "Id": 104181,
    "ImageName": null,
    "MapX": 0,
    "MapY": 0,
    "MarketAccessPermitted": false,
    "MoveMessage": "你移动到了新的地方",
    "Name": "东方",
    "PremiumSubRequired": false,
    "RandomPostcard": false,
    "ShowOps": false,
    "UnlocksWithQuality": null,
    "World": null
  },
  {
    "Description": null,
    "HideName": false,
    "Id": 104182,
    "ImageName": null,
    "MapX": 0,
    "MapY": 0,
    "MarketAccessPermitted": false,
    "MoveMessage": "你移动到了新的地方",
    "Name": "西南方",
    "PremiumSubRequired": false,
    "RandomPostcard": false,
    "ShowOps": false,
    "UnlocksWithQuality": null,
    "World": null
  },
  {
    "Description": null,
    "HideName": false,
    "Id": 104204,
    "ImageName": "aestival_port",
    "MapX": 0,
    "MapY": 0,
    "MarketAccessPermitted": false,
    "MoveMessage": "你移动到了新的地方",
    "Name": "阿斯蒂沃",
    "PremiumSubRequired": false,
    "RandomPostcard": false,
    "ShowOps": false,
    "UnlocksWithQuality": null,
    "World": null
  },
  {
    "Description": null,
    "HideName": false,
    "Id": 104276,
    "ImageName": "frostfound_port",
    "MapX": 0,
    "MapY": 0,
    "MarketAccessPermitted": false,
    "MoveMessage": "你移动到了新的地方",
    "Name": "寒霜城",
    "PremiumSubRequired": false,
    "RandomPostcard": false,
    "ShowOps": false,
    "UnlocksWithQuality": null,
    "World": null
  },
  {
    "Description": null,
    "HideName": false,
    "Id": 104526,
    "ImageName": null,
    "MapX": 0,
    "MapY": 0,
    "MarketAccessPermitted": false,
    "MoveMessage": "你移动到了新的地方",
    "Name": "寒霜城的走廊",
    "PremiumSubRequired": false,
    "RandomPostcard": false,
    "ShowOps": false,
    "UnlocksWithQuality": null,
    "World": null
  },
  {
    "Description": null,
    "HideName": false,
    "Id": 104545,
    "ImageName": null,
    "MapX": 0,
    "MapY": 0,
    "MarketAccessPermitted": false,
    "MoveMessage": "你移动到了新的地方",
    "Name": "幽深小径",
    "PremiumSubRequired": false,
    "RandomPostcard": false,
    "ShowOps": false,
    "UnlocksWithQuality": null,
    "World": null
  },
  {
    "Description": null,
    "HideName": false,
    "Id": 104546,
    "ImageName": null,
    "MapX": 0,
    "MapY": 0,
    "MarketAccessPermitted": false,
    "MoveMessage": "你移动到了新的地方",
    "Name": "破碎城堡",
    "PremiumSubRequired": false,
    "RandomPostcard": false,
    "ShowOps": false,
    "UnlocksWithQuality": null,
    "World": null
  },
  {
    "Description": null,
    "HideName": false,
    "Id": 104588,
    "ImageName": "generic_port",
    "MapX": 0,
    "MapY": 0,
    "MarketAccessPermitted": false,
    "MoveMessage": "你移动到了新的地方",
    "Name": "维也纳",
    "PremiumSubRequired": false,
    "RandomPostcard": false,
    "ShowOps": false,
    "UnlocksWithQuality": null,
    "World": null
  },
  {
    "Description": null,
    "HideName": false,
    "Id": 105136,
    "ImageName": "chart",
    "MapX": 0,
    "MapY": 0,
    "MarketAccessPermitted": false,
    "MoveMessage": "临近结局...",
    "Name": "葬礼",
    "PremiumSubRequired": false,
    "RandomPostcard": false,
    "ShowOps": false,
    "UnlocksWithQuality": null,
    "World": null
  },
  {
    "Description": null,
    "HideName": false,
    "Id": 105137,
    "ImageName": "chart",
    "MapX": 0,
    "MapY": 0,
    "MarketAccessPermitted": false,
    "MoveMessage": "临近结局...",
    "Name": "酒杯",
    "PremiumSubRequired": false,
    "RandomPostcard": false,
    "ShowOps": false,
    "UnlocksWithQuality": null,
    "World": null
  },
  {
    "Description": null,
    "HideName": false,
    "Id": 105138,
    "ImageName": "chart",
    "MapX": 0,
    "MapY": 0,
    "MarketAccessPermitted": false,
    "MoveMessage": "临近结局...",
    "Name": "王国",
    "PremiumSubRequired": false,
    "RandomPostcard": false,
    "ShowOps": false,
    "UnlocksWithQuality": null,
    "World": null
  },
  {
    "Description": null,
    "HideName": false,
    "Id": 105139,
    "ImageName": "chart",
    "MapX": 0,
    "MapY": 0,
    "MarketAccessPermitted": false,
    "MoveMessage": "临近结局...",
    "Name": "变成海怪",
    "PremiumSubRequired": false,
    "RandomPostcard": false,
    "ShowOps": false,
    "UnlocksWithQuality": null,
    "World": null
  },
  {
    "Description": null,
    "HideName": false,
    "Id": 105140,
    "ImageName": "chart",
    "MapX": 0,
    "MapY": 0,
    "MarketAccessPermitted": false,
    "MoveMessage": "临近结局...",
    "Name": "星门",
    "PremiumSubRequired": false,
    "RandomPostcard": false,
    "ShowOps": false,
    "UnlocksWithQuality": null,
    "World": null
  },
  {
    "Description": null,
    "HideName": false,
    "Id": 105141,
    "ImageName": "chart",
    "MapX": 0,
    "MapY": 0,
    "MarketAccessPermitted": false,
    "MoveMessage": "临近结局...",
    "Name": "飞艇",
    "PremiumSubRequired": false,
    "RandomPostcard": false,
    "ShowOps": false,
    "UnlocksWithQuality": null,
    "World": null
  },
  {
    "Description": null,
    "HideName": false,
    "Id": 107686,
    "ImageName": "crowsfeet",
    "MapX": 0,
    "MapY": 0,
    "MarketAccessPermitted": false,
    "MoveMessage": "你移动到了新的地方",
    "Name": "碎鸦灯塔水下入口",
    "PremiumSubRequired": false,
    "RandomPostcard": false,
    "ShowOps": false,
    "UnlocksWithQuality": null,
    "World": null
  },
  {
    "Description": null,
    "HideName": false,
    "Id": 107687,
    "ImageName": "gantpole",
    "MapX": 0,
    "MapY": 0,
    "MarketAccessPermitted": false,
    "MoveMessage": "你移动到了新的地方",
    "Name": "刚特极点",
    "PremiumSubRequired": false,
    "RandomPostcard": false,
    "ShowOps": false,
    "UnlocksWithQuality": null,
    "World": null
  },
  {
    "Description": null,
    "HideName": false,
    "Id": 107688,
    "ImageName": "lowbarnet",
    "MapX": 0,
    "MapY": 0,
    "MarketAccessPermitted": false,
    "MoveMessage": "你移动到了新的地方",
    "Name": "沉没的巴内特",
    "PremiumSubRequired": false,
    "RandomPostcard": false,
    "ShowOps": false,
    "UnlocksWithQuality": null,
    "World": null
  },
  {
    "Description": null,
    "HideName": false,
    "Id": 107689,
    "ImageName": "rosegate",
    "MapX": 0,
    "MapY": 0,
    "MarketAccessPermitted": false,
    "MoveMessage": "你移动到了新的地方",
    "Name": "玫瑰之门",
    "PremiumSubRequired": false,
    "RandomPostcard": false,
    "ShowOps": false,
    "UnlocksWithQuality": null,
    "World": null
  },
  {
    "Description": null,
    "HideName": false,
    "Id": 107690,
    "ImageName": "hideaway",
    "MapX": 0,
    "MapY": 0,
    "MarketAccessPermitted": false,
    "MoveMessage": "你移动到了新的地方",
    "Name": "隐逸之地",
    "PremiumSubRequired": false,
    "RandomPostcard": false,
    "ShowOps": false,
    "UnlocksWithQuality": null,
    "World": null
  },
  {
    "Description": null,
    "HideName": false,
    "Id": 107691,
    "ImageName": "aigul",
    "MapX": 0,
    "MapY": 0,
    "MarketAccessPermitted": false,
    "MoveMessage": "你移动到了新的地方",
    "Name": "爱古",
    "PremiumSubRequired": false,
    "RandomPostcard": false,
    "ShowOps": false,
    "UnlocksWithQuality": null,
    "World": null
  },
  {
    "Description": null,
    "HideName": false,
    "Id": 107692,
    "ImageName": "anthe",
    "MapX": 0,
    "MapY": 0,
    "MarketAccessPermitted": false,
    "MoveMessage": "你移动到了新的地方",
    "Name": "安忒",
    "PremiumSubRequired": false,
    "RandomPostcard": false,
    "ShowOps": false,
    "UnlocksWithQuality": null,
    "World": null
  },
  {
    "Description": null,
    "HideName": false,
    "Id": 107693,
    "ImageName": "scrimshander",
    "MapX": 0,
    "MapY": 0,
    "MarketAccessPermitted": false,
    "MoveMessage": "你移动到了新的地方",
    "Name": "骨雕馆",
    "PremiumSubRequired": false,
    "RandomPostcard": false,
    "ShowOps": false,
    "UnlocksWithQuality": null,
    "World": null
  },
  {
    "Description": null,
    "HideName": false,
    "Id": 107694,
    "ImageName": "wrack",
    "MapX": 0,
    "MapY": 0,
    "MarketAccessPermitted": false,
    "MoveMessage": "你移动到了新的地方",
    "Name": "船墟",
    "PremiumSubRequired": false,
    "RandomPostcard": false,
    "ShowOps": false,
    "UnlocksWithQuality": null,
    "World": null
  },
  {
    "Description": null,
    "HideName": false,
    "Id": 107695,
    "ImageName": "nook",
    "MapX": 0,
    "MapY": 0,
    "MarketAccessPermitted": false,
    "MoveMessage": "你移动到了新的地方",
    "Name": "旮旯",
    "PremiumSubRequired": false,
    "RandomPostcard": false,
    "ShowOps": false,
    "UnlocksWithQuality": null,
    "World": null
  },
  {
    "Description": null,
    "HideName": false,
    "Id": 107696,
    "ImageName": "dahut",
    "MapX": 0,
    "MapY": 0,
    "MarketAccessPermitted": false,
    "MoveMessage": "你移动到了新的地方",
    "Name": "达哈",
    "PremiumSubRequired": false,
    "RandomPostcard": false,
    "ShowOps": false,
    "UnlocksWithQuality": null,
    "World": null
  }
]