[
  {
    "DeniedAlternatives": [],
    "Files": {
      "geography/Tiles.json": [
        "/26/Tiles/0/Description"
      ]
    },
    "Texts": {
      "Chs": "'我们听到那些不会被淹没的声音.'这就是声音之海: 我们离碎心国很近了,在那里没有什么是真正死亡的.",
      "Eng": "'We hear those voices that will not be drowned.' This is the Sea of Voices: we are close to Polythreme, where nothing is truly dead."
    }
  },
  {
    "DeniedAlternatives": [],
    "Files": {
      "geography/Tiles.json": [
        "/29/Tiles/0/TerrainData/34/Description"
      ]
    },
    "Texts": {
      "Chs": "一座占位的城市,其高耸的特征在你面前模糊褪色, 一处奇迹的瞬间所在。",
      "Eng": "A Placeholder city, its towering features squint and fade before you, a wonder of momentary existance."
    }
  },
  {
    "DeniedAlternatives": [],
    "Files": {
      "geography/Tiles.json": [
        "/33/Tiles/0/Description"
      ]
    },
    "Texts": {
      "Chs": "起了一阵似乎被烘烤过的微风, 虽然你知道这不可能,但是风里确实有远方沙漠的气味.你现在离盐狮很近了.",
      "Eng": "A baked breeze rises, the improbable scent of stone out of some distant desert. You are close to the Salt Lions."
    }
  },
  {
    "DeniedAlternatives": [],
    "Files": {
      "geography/Tiles.json": [
        "/30/Tiles/0/Description"
      ]
    },
    "Texts": {
      "Chs": "一朵淡黄色的光组成的花朵出现在了南方的地平线上! 你靠近了瓦尔查斯, 镜之城.",
      "Eng": "A buttery bloom of light on the southern horizon! You approach Varchas, the Mirrored City."
    }
  },
  {
    "DeniedAlternatives": [],
    "Files": {
      "geography/Tiles.json": [
        "/0/Tiles/0/Description"
      ]
    },
    "Texts": {
      "Chs": "深红色的浪花泛起.我们正在接近亚当之路, 那里流着光明之山的血.'.",
      "Eng": "A carmine tint to the waves. We're approaching Adam's Way, 'where flows the Mountain's blood'."
    }
  },
  {
    "DeniedAlternatives": [],
    "Files": {
      "geography/Tiles.json": [
        "/14/Tiles/0/Description"
      ]
    },
    "Texts": {
      "Chs": "一根无形的丝线拂过你的脸.空气正在提示蜘蛛你来了.",
      "Eng": "A floating strand of web caresses your face. The air hints at spiders."
    }
  },
  {
    "DeniedAlternatives": [],
    "Files": {
      "geography/Tiles.json": [
        "/8/Tiles/0/HumanName"
      ]
    },
    "Texts": {
      "Chs": "普通的瓦片",
      "Eng": "A generic tile"
    }
  },
  {
    "DeniedAlternatives": [],
    "Files": {
      "geography/Tiles.json": [
        "/29/Tiles/0/TerrainData/7/Description"
      ]
    },
    "Texts": {
      "Chs": "一座宏伟的房子矗立在一个不起眼的小岛上 ",
      "Eng": "A grand house rises over a humble isle "
    }
  },
  {
    "DeniedAlternatives": [],
    "Files": {
      "geography/Tiles.json": [
        "/39/Tiles/5/Description"
      ]
    },
    "Texts": {
      "Chs": "一阵突如其来的孢子雾气! 水手们打着喷嚏. 声音在粘稠的空气中回荡.",
      "Eng": "A sudden fog of spores! Zailors sneeze. The sound echoes flatly in the soupy air."
    }
  },
  {
    "DeniedAlternatives": [],
    "Files": {
      "geography/Tiles.json": [
        "/22/Tiles/0/LabelData/6/Label"
      ]
    },
    "Texts": {
      "Chs": "阿博若門",
      "Eng": "Abora Gate"
    }
  },
  {
    "DeniedAlternatives": [],
    "Files": {
      "geography/Tiles.json": [
        "/11/Tiles/0/LabelData/2/Label"
      ]
    },
    "Texts": {
      "Chs": "黑霧深淵",
      "Eng": "Achlys Abyss"
    }
  },
  {
    "DeniedAlternatives": [],
    "Files": {
      "geography/Tiles.json": [
        "/0/Tiles/0/HumanName"
      ]
    },
    "Texts": {
      "Chs": "亚当海角",
      "Eng": "Adam's Cape"
    }
  },
  {
    "DeniedAlternatives": [],
    "Files": {
      "geography/Tiles.json": [
        "/15/Tiles/0/LabelData/3/Label"
      ]
    },
    "Texts": {
      "Chs": "亞當的厄運",
      "Eng": "Adam's Doom"
    }
  },
  {
    "DeniedAlternatives": [],
    "Files": {
      "geography/Tiles.json": [
        "/26/Tiles/0/LabelData/9/Label"
      ]
    },
    "Texts": {
      "Chs": "艾斯恰文",
      "Eng": "Aeschaven"
    }
  },
  {
    "DeniedAlternatives": [],
    "Files": {
      "geography/Tiles.json": [
        "/6/Tiles/0/LabelData/1/Label"
      ]
    },
    "Texts": {
      "Chs": "艾伯丁之門",
      "Eng": "Albertine Gates"
    }
  },
  {
    "DeniedAlternatives": [],
    "Files": {
      "geography/Tiles.json": [
        "/17/Tiles/0/LabelData/4/Label"
      ]
    },
    "Texts": {
      "Chs": "安布羅斯角",
      "Eng": "Ambrose Point"
    }
  },
  {
    "DeniedAlternatives": [],
    "Files": {
      "geography/Tiles.json": [
        "/35/Tiles/0/Description"
      ]
    },
    "Texts": {
      "Chs": "现在我们进入了卡勒穆尼. 空气中是狂野和荣耀的气息.某种光.为什么水手们会害怕这地方?",
      "Eng": "And now we enter the Calumnies. There is a wild and glorious scent in the air. A kind of light. Why do zailors fear this place?"
    }
  },
  {
    "DeniedAlternatives": [],
    "Files": {
      "geography/Tiles.json": [
        "/1/Tiles/0/LabelData/4/Label"
      ]
    },
    "Texts": {
      "Chs": "安德加德港",
      "Eng": "Andergard Harbour"
    }
  },
  {
    "DeniedAlternatives": [],
    "Files": {
      "geography/Tiles.json": [
        "/5/Tiles/0/LabelData/2/Label"
      ]
    },
    "Texts": {
      "Chs": "安德羅墨達礁",
      "Eng": "Andromeda's Rocks"
    }
  },
  {
    "DeniedAlternatives": [],
    "Files": {
      "geography/Tiles.json": [
        "/3/Tiles/0/Description"
      ]
    },
    "Texts": {
      "Chs": "海面上漂着另一只海兽的尸体.高度腐烂. 我们正在接近切洛内特.",
      "Eng": "Another zee-beast corpse afloat. So much carrion. We approach the Chelonate."
    }
  },
  {
    "DeniedAlternatives": [],
    "Files": {
      "geography/Tiles.json": [
        "/19/Tiles/0/LabelData/2/Label"
      ]
    },
    "Texts": {
      "Chs": "阿芙緹可之羽",
      "Eng": "Aphotic Quills"
    }
  },
  {
    "DeniedAlternatives": [],
    "Files": {
      "geography/Tiles.json": [
        "/0/Tiles/0/LabelData/2/Label"
      ]
    },
    "Texts": {
      "Chs": "神蜂之会",
      "Eng": "Apis Meet"
    }
  },
  {
    "DeniedAlternatives": [],
    "Files": {
      "geography/Tiles.json": [
        "/23/Tiles/0/LabelData/3/Label"
      ]
    },
    "Texts": {
      "Chs": "秋日群島",
      "Eng": "Autumn Islands"
    }
  },
  {
    "DeniedAlternatives": [],
    "Files": {
      "geography/Tiles.json": [
        "/29/Tiles/0/LabelData/7/Label"
      ]
    },
    "Texts": {
      "Chs": "巴德斯蒂文恩深淵",
      "Eng": "Badstevener's Abyss"
    }
  },
  {
    "DeniedAlternatives": [],
    "Files": {
      "geography/Tiles.json": [
        "/25/Tiles/0/LabelData/5/Label"
      ]
    },
    "Texts": {
      "Chs": "班寧絕壁",
      "Eng": "Banning Bluff"
    }
  },
  {
    "DeniedAlternatives": [],
    "Files": {
      "geography/Tiles.json": [
        "/5/Tiles/0/LabelData/1/Label"
      ]
    },
    "Texts": {
      "Chs": "貝克爾灣",
      "Eng": "Becker Bight"
    }
  },
  {
    "DeniedAlternatives": [],
    "Files": {
      "geography/Tiles.json": [
        "/19/Tiles/0/LabelData/3/Label"
      ]
    },
    "Texts": {
      "Chs": "畢德明礁",
      "Eng": "Bidmead Reefs"
    }
  },
  {
    "DeniedAlternatives": [],
    "Files": {
      "geography/Tiles.json": [
        "/9/Tiles/0/LabelData/1/Label"
      ]
    },
    "Texts": {
      "Chs": "邦妮礁",
      "Eng": "Bonny Reefs"
    }
  },
  {
    "DeniedAlternatives": [],
    "Files": {
      "geography/Tiles.json": [
        "/1/Tiles/0/Description"
      ]
    },
    "Texts": {
      "Chs": "北方海域.这是雪吗? 当你碰到它的时候,它化为无形的气体.你的船员集中在烟囱附近取暖.",
      "Eng": "Boreal Reach. Is this snow? Touch it, and it puffs to vapour. Your crew huddles close to the warmth of pipe and funnel."
    }
  },
  {
    "DeniedAlternatives": [],
    "Files": {
      "geography/Tiles.json": [
        "/4/Tiles/0/LabelData/1/Label"
      ]
    },
    "Texts": {
      "Chs": "波恩瓦德柱",
      "Eng": "Bournvadus Pillar"
    }
  },
  {
    "DeniedAlternatives": [],
    "Files": {
      "geography/Tiles.json": [
        "/11/Tiles/0/LabelData/5/Label"
      ]
    },
    "Texts": {
      "Chs": "炫光",
      "Eng": "Brite"
    }
  },
  {
    "DeniedAlternatives": [],
    "Files": {
      "geography/Tiles.json": [
        "/19/Tiles/0/LabelData/4/Label"
      ]
    },
    "Texts": {
      "Chs": "布羅克礁",
      "Eng": "Brock's Reef"
    }
  },
  {
    "DeniedAlternatives": [],
    "Files": {
      "geography/Tiles.json": [
        "/5/Tiles/0/LabelData/5/Label"
      ]
    },
    "Texts": {
      "Chs": "巴貝爾叢林",
      "Eng": "Bubel's Thicket"
    }
  },
  {
    "DeniedAlternatives": [],
    "Files": {
      "geography/Tiles.json": [
        "/29/Tiles/0/LabelData/0/Label"
      ]
    },
    "Texts": {
      "Chs": "臭蟲濕地",
      "Eng": "Bugsby's Marshes"
    }
  },
  {
    "DeniedAlternatives": [],
    "Files": {
      "geography/Tiles.json": [
        "/7/Tiles/0/Description"
      ]
    },
    "Texts": {
      "Chs": "去甲板寻找带火花的锋利金属. 臭氧和电光萦绕在船的四周. 这里就是黎明边缘.",
      "Eng": "Came on deck to find the metal sharp with sparks. Ozonal coronas haunt the ship. This is Dawn's Edge."
    }
  },
  {
    "DeniedAlternatives": [],
    "Files": {
      "geography/Tiles.json": [
        "/37/Tiles/0/LabelData/6/Label"
      ]
    },
    "Texts": {
      "Chs": "黑淵",
      "Eng": "Cant's Abyss"
    }
  },
  {
    "DeniedAlternatives": [],
    "Files": {
      "geography/Tiles.json": [
        "/37/Tiles/0/LabelData/2/Label"
      ]
    },
    "Texts": {
      "Chs": "卡利薩角",
      "Eng": "Carissa's Point"
    }
  },
  {
    "DeniedAlternatives": [],
    "Files": {
      "geography/Tiles.json": [
        "/18/Tiles/0/LabelData/1/Label"
      ]
    },
    "Texts": {
      "Chs": "卡萊爾避風港",
      "Eng": "Carlisle's Haven"
    }
  },
  {
    "DeniedAlternatives": [],
    "Files": {
      "geography/Tiles.json": [
        "/7/Tiles/0/LabelData/6/Label"
      ]
    },
    "Texts": {
      "Chs": "克萊爾城堡",
      "Eng": "Castle Clare"
    }
  },
  {
    "DeniedAlternatives": [],
    "Files": {
      "geography/Tiles.json": [
        "/1/Tiles/0/LabelData/3/Label"
      ]
    },
    "Texts": {
      "Chs": "守望者拱門",
      "Eng": "Censor's Arch"
    }
  },
  {
    "DeniedAlternatives": [],
    "Files": {
      "geography/Tiles.json": [
        "/19/Tiles/0/LabelData/7/Label"
      ]
    },
    "Texts": {
      "Chs": "查特拉尼克瓣面",
      "Eng": "Chatranic Lobe"
    }
  },
  {
    "DeniedAlternatives": [],
    "Files": {
      "geography/Tiles.json": [
        "/34/Tiles/0/LabelData/3/Label"
      ]
    },
    "Texts": {
      "Chs": "崇義裂谷",
      "Eng": "Chong Yi Rift"
    }
  },
  {
    "DeniedAlternatives": [],
    "Files": {
      "geography/Tiles.json": [
        "/35/Tiles/0/LabelData/0/Label"
      ]
    },
    "Texts": {
      "Chs": "克伯之路海灣",
      "Eng": "Cob's Way Bay"
    }
  },
  {
    "DeniedAlternatives": [],
    "Files": {
      "geography/Tiles.json": [
        "/26/Tiles/0/LabelData/8/Label"
      ]
    },
    "Texts": {
      "Chs": "混合",
      "Eng": "Commingle"
    }
  },
  {
    "DeniedAlternatives": [],
    "Files": {
      "geography/Tiles.json": [
        "/22/Tiles/0/LabelData/8/Label"
      ]
    },
    "Texts": {
      "Chs": "赤銅區",
      "Eng": "Copper Quarter"
    }
  },
  {
    "DeniedAlternatives": [],
    "Files": {
      "geography/Tiles.json": [
        "/7/Tiles/0/LabelData/4/Label"
      ]
    },
    "Texts": {
      "Chs": "科克里灣",
      "Eng": "Corkery Bay"
    }
  },
  {
    "DeniedAlternatives": [],
    "Files": {
      "geography/Tiles.json": [
        "/4/Tiles/0/HumanName"
      ]
    },
    "Texts": {
      "Chs": "海盗之林",
      "Eng": "Corsairs Forest"
    }
  },
  {
    "DeniedAlternatives": [],
    "Files": {
      "geography/Tiles.json": [
        "/36/Tiles/0/LabelData/4/Label"
      ]
    },
    "Texts": {
      "Chs": "巨蟹岩塊",
      "Eng": "Crabcake"
    }
  },
  {
    "DeniedAlternatives": [],
    "Files": {
      "geography/Tiles.json": [
        "/36/Tiles/0/Description"
      ]
    },
    "Texts": {
      "Chs": "令人毛骨悚然的菌丝, 海草,不可名状的植物.我们进入了罗网.",
      "Eng": "Creeping tendrils of fungus, zee-weed, unnamable flora. We enter the Snares."
    }
  },
  {
    "DeniedAlternatives": [],
    "Files": {
      "geography/Tiles.json": [
        "/15/Tiles/0/LabelData/2/Label"
      ]
    },
    "Texts": {
      "Chs": "庫格爾斷崖",
      "Eng": "Cugel's Bluff"
    }
  },
  {
    "DeniedAlternatives": [],
    "Files": {
      "geography/Tiles.json": [
        "/6/Tiles/0/HumanName"
      ]
    },
    "Texts": {
      "Chs": "卡米安运河",
      "Eng": "Cumaean Canal"
    }
  },
  {
    "DeniedAlternatives": [],
    "Files": {
      "geography/Tiles.json": [
        "/0/Tiles/0/LabelData/1/Label"
      ]
    },
    "Texts": {
      "Chs": "黑狮鹫海峡",
      "Eng": "Darkgryphon Straits"
    }
  },
  {
    "DeniedAlternatives": [],
    "Files": {
      "geography/Tiles.json": [
        "/11/Tiles/0/LabelData/3/Label"
      ]
    },
    "Texts": {
      "Chs": "達斯沃勒湍流",
      "Eng": "Dathooley's Rage"
    }
  },
  {
    "DeniedAlternatives": [],
    "Files": {
      "geography/Tiles.json": [
        "/37/Tiles/0/LabelData/1/Label"
      ]
    },
    "Texts": {
      "Chs": "戴維斯灣",
      "Eng": "Davies Bay"
    }
  },
  {
    "DeniedAlternatives": [],
    "Files": {
      "geography/Tiles.json": [
        "/7/Tiles/0/HumanName"
      ]
    },
    "Texts": {
      "Chs": "黎明边境",
      "Eng": "Dawn's Edge"
    }
  },
  {
    "DeniedAlternatives": [],
    "Files": {
      "geography/Tiles.json": [
        "/9/Tiles/0/HumanName"
      ]
    },
    "Texts": {
      "Chs": "德莫之门",
      "Eng": "Demeaux's Gate"
    }
  },
  {
    "DeniedAlternatives": [],
    "Files": {
      "geography/Tiles.json": [
        "/28/Tiles/0/LabelData/5/Label"
      ]
    },
    "Texts": {
      "Chs": "倉庫 (A)",
      "Eng": "Depot (A)"
    }
  },
  {
    "DeniedAlternatives": [],
    "Files": {
      "geography/Tiles.json": [
        "/29/Tiles/0/LabelData/3/Label"
      ]
    },
    "Texts": {
      "Chs": "危險生物處理部",
      "Eng": "Dept. of Menace Eradication"
    }
  },
  {
    "DeniedAlternatives": [],
    "Files": {
      "geography/Tiles.json": [
        "/37/Tiles/0/SpawnPoints/2/Description"
      ]
    },
    "Texts": {
      "Chs": "发现了死亡租界附近的极光蟹幼体.",
      "Eng": "Discovered a group of Auroral Megalops outside the Tomb Colonies."
    }
  },
  {
    "DeniedAlternatives": [],
    "Files": {
      "geography/Tiles.json": [
        "/6/Tiles/0/SpawnPoints/1/Description"
      ]
    },
    "Texts": {
      "Chs": "发现卡米安运河的极光蟹幼体.",
      "Eng": "Discovered the Auroral Megalops of the Cumaean Canal."
    }
  },
  {
    "DeniedAlternatives": [],
    "Files": {
      "geography/Tiles.json": [
        "/7/Tiles/0/SpawnPoints/1/Description"
      ]
    },
    "Texts": {
      "Chs": "发现了辉煌无畏舰.",
      "Eng": "Discovered the Glorious Dreadnoughts."
    }
  },
  {
    "DeniedAlternatives": [],
    "Files": {
      "geography/Tiles.json": [
        "/11/Tiles/0/SpawnPoints/0/Description"
      ]
    },
    "Texts": {
      "Chs": "发现了来自寒霜城的活冰山!",
      "Eng": "Discovered the Lifebergs of Frostfound!"
    }
  },
  {
    "DeniedAlternatives": [],
    "Files": {
      "geography/Tiles.json": [
        "/1/Tiles/0/SpawnPoints/0/Description",
        "/1/Tiles/0/SpawnPoints/1/Description"
      ]
    },
    "Texts": {
      "Chs": "发现来自苍白之地的活冰山!",
      "Eng": "Discovered the Lifebergs of the Pale Haunt!"
    }
  },
  {
    "DeniedAlternatives": [],
    "Files": {
      "geography/Tiles.json": [
        "/20/Tiles/0/SpawnPoints/0/Description"
      ]
    },
    "Texts": {
      "Chs": "发现了许诺之海的孤独锚爪海胆!",
      "Eng": "Discovered the Lorn Flukes of the Promised Sea!"
    }
  },
  {
    "DeniedAlternatives": [],
    "Files": {
      "geography/Tiles.json": [
        "/22/Tiles/0/SpawnPoints/0/Description",
        "/22/Tiles/0/SpawnPoints/1/Description",
        "/22/Tiles/0/SpawnPoints/2/Description"
      ]
    },
    "Texts": {
      "Chs": "发现了汗国的三体大战舰.",
      "Eng": "Discovered the Trimarans of the Khanate."
    }
  },
  {
    "DeniedAlternatives": [],
    "Files": {
      "geography/Tiles.json": [
        "/34/Tiles/0/SpawnPoints/0/Description"
      ]
    },
    "Texts": {
      "Chs": "发现了来自碎鸦灯塔的暴君蛾.",
      "Eng": "Discovered the Tyrant Moths of The Ragged Crow."
    }
  },
  {
    "DeniedAlternatives": [],
    "Files": {
      "geography/Tiles.json": [
        "/15/Tiles/0/SpawnPoints/1/Description"
      ]
    },
    "Texts": {
      "Chs": "发现来自钢铁共和国的未完成者革命分子.",
      "Eng": "Discovered the Unfinished Revolutionaries of the Iron Republic."
    }
  },
  {
    "DeniedAlternatives": [],
    "Files": {
      "geography/Tiles.json": [
        "/37/Tiles/0/SpawnPoints/0/Description",
        "/37/Tiles/0/SpawnPoints/1/Description",
        "/37/Tiles/0/SpawnPoints/3/Description",
        "/37/Tiles/0/SpawnPoints/4/Description"
      ]
    },
    "Texts": {
      "Chs": "发现了死亡租界附近的蝙蝠群.",
      "Eng": "Discovered the flocks of bats outside the Tomb Colonies."
    }
  },
  {
    "DeniedAlternatives": [],
    "Files": {
      "geography/Tiles.json": [
        "/19/Tiles/0/LabelData/1/Label"
      ]
    },
    "Texts": {
      "Chs": "陶氏沙洲",
      "Eng": "Dow's Ait"
    }
  },
  {
    "DeniedAlternatives": [],
    "Files": {
      "geography/Tiles.json": [
        "/17/Tiles/0/LabelData/0/Label"
      ]
    },
    "Texts": {
      "Chs": "達根航路",
      "Eng": "Duggan's Maw"
    }
  },
  {
    "DeniedAlternatives": [],
    "Files": {
      "geography/Tiles.json": [
        "/37/Tiles/0/Description"
      ]
    },
    "Texts": {
      "Chs": "尘埃, 回声: 就连空气也被黑暗浸染了. 这是死亡租界附近的水域.",
      "Eng": "Dust, echoes: even a sepia tint to the air. These are the waters around the Tomb-Colonies."
    }
  },
  {
    "DeniedAlternatives": [],
    "Files": {
      "geography/Tiles.json": [
        "/2/Tiles/0/LabelData/1/Label"
      ]
    },
    "Texts": {
      "Chs": "迪巴拉鎮",
      "Eng": "Dybala Town"
    }
  },
  {
    "DeniedAlternatives": [],
    "Files": {
      "geography/Tiles.json": [
        "/22/Tiles/0/LabelData/10/Label"
      ]
    },
    "Texts": {
      "Chs": "神雕廳",
      "Eng": "Eagle"
    }
  },
  {
    "DeniedAlternatives": [],
    "Files": {
      "geography/Tiles.json": [
        "/4/Tiles/0/LabelData/3/Label"
      ]
    },
    "Texts": {
      "Chs": "厄肯岩",
      "Eng": "Eeken Rock"
    }
  },
  {
    "DeniedAlternatives": [],
    "Files": {
      "geography/Tiles.json": [
        "/34/Tiles/0/LabelData/2/Label"
      ]
    },
    "Texts": {
      "Chs": "伊利法斯深淵",
      "Eng": "Elifaus Abyss"
    }
  },
  {
    "DeniedAlternatives": [],
    "Files": {
      "geography/Tiles.json": [
        "/20/Tiles/0/LabelData/4/Label"
      ]
    },
    "Texts": {
      "Chs": "伊利弗斯礁 ",
      "Eng": "Elifaus Rift"
    }
  },
  {
    "DeniedAlternatives": [],
    "Files": {
      "geography/Tiles.json": [
        "/39/Tiles/2/SpawnPoints/0/Description"
      ]
    },
    "Texts": {
      "Chs": "遭遇水母!",
      "Eng": "Encountered a group of Jillyfleurs!"
    }
  },
  {
    "DeniedAlternatives": [],
    "Files": {
      "geography/Tiles.json": [
        "/39/Tiles/2/SpawnPoints/1/Description"
      ]
    },
    "Texts": {
      "Chs": "遭遇蝙蝠群!",
      "Eng": "Encountered a group of bats!"
    }
  },
  {
    "DeniedAlternatives": [],
    "Files": {
      "geography/Tiles.json": [
        "/39/Tiles/0/SpawnPoints/0/Description"
      ]
    },
    "Texts": {
      "Chs": "遭遇蝙蝠群!",
      "Eng": "Encountered the colony of bats!"
    }
  },
  {
    "DeniedAlternatives": [],
    "Files": {
      "geography/Tiles.json": [
        "/4/Tiles/0/SpawnPoints/2/Description"
      ]
    },
    "Texts": {
      "Chs": "遭遇海盗之林的护卫舰!",
      "Eng": "Encountered the pirate fleets of the Corsair's Forest!"
    }
  },
  {
    "DeniedAlternatives": [],
    "Files": {
      "geography/Tiles.json": [
        "/19/Tiles/0/LabelData/9/Label"
      ]
    },
    "Texts": {
      "Chs": "伊倫特之回",
      "Eng": "Errant's Gyrus"
    }
  },
  {
    "DeniedAlternatives": [],
    "Files": {
      "geography/Tiles.json": [
        "/35/Tiles/0/LabelData/5/Label"
      ]
    },
    "Texts": {
      "Chs": "尤恩之路",
      "Eng": "Ewan's Way"
    }
  },
  {
    "DeniedAlternatives": [],
    "Files": {
      "geography/Tiles.json": [
        "/20/Tiles/0/LabelData/0/Label"
      ]
    },
    "Texts": {
      "Chs": "深尋王的城堡",
      "Eng": "Fathomking's Hold"
    }
  },
  {
    "DeniedAlternatives": [],
    "Files": {
      "geography/Tiles.json": [
        "/8/Tiles/0/Description"
      ]
    },
    "Texts": {
      "Chs": "离下面一英寻,离上面一英里.",
      "Eng": "Fathoms below, miles above."
    }
  },
  {
    "DeniedAlternatives": [],
    "Files": {
      "geography/Tiles.json": [
        "/28/Tiles/0/LabelData/4/Label"
      ]
    },
    "Texts": {
      "Chs": "原野港",
      "Eng": "Fieldhaven"
    }
  },
  {
    "DeniedAlternatives": [],
    "Files": {
      "geography/Tiles.json": [
        "/28/Tiles/0/LabelData/0/Label"
      ]
    },
    "Texts": {
      "Chs": "浮石島",
      "Eng": "Flitterstone Isle"
    }
  },
  {
    "DeniedAlternatives": [],
    "Files": {
      "geography/Tiles.json": [
        "/32/Tiles/0/LabelData/3/Label"
      ]
    },
    "Texts": {
      "Chs": "繁榮之年",
      "Eng": "Flourishing - of - Years"
    }
  },
  {
    "DeniedAlternatives": [],
    "Files": {
      "geography/Tiles.json": [
        "/26/Tiles/0/LabelData/7/Label"
      ]
    },
    "Texts": {
      "Chs": "孤獨",
      "Eng": "Forlorn"
    }
  },
  {
    "DeniedAlternatives": [],
    "Files": {
      "geography/Tiles.json": [
        "/19/Tiles/0/SpawnPoints/0/Description"
      ]
    },
    "Texts": {
      "Chs": "发现了伊伦特海流的铁笼鲨!",
      "Eng": "Found the Bound-Sharks of Errant's Gyrus!"
    }
  },
  {
    "DeniedAlternatives": [],
    "Files": {
      "geography/Tiles.json": [
        "/11/Tiles/0/Description"
      ]
    },
    "Texts": {
      "Chs": "寒霜城, 宏伟而寒冷. 一座被谜语,问题和答案围攻的要塞.",
      "Eng": "Frostfound, vast and chilly. A fortress sieged by questions, answers, and riddles."
    }
  },
  {
    "DeniedAlternatives": [],
    "Files": {
      "geography/Tiles.json": [
        "/0/Tiles/0/LabelData/3/Label"
      ]
    },
    "Texts": {
      "Chs": "加德納岩礁",
      "Eng": "Gardiner's Rock"
    }
  },
  {
    "DeniedAlternatives": [],
    "Files": {
      "geography/Tiles.json": [
        "/21/Tiles/0/LabelData/1/Label"
      ]
    },
    "Texts": {
      "Chs": "格里克的手術刀",
      "Eng": "Geryk's Scalpel"
    }
  },
  {
    "DeniedAlternatives": [],
    "Files": {
      "geography/Tiles.json": [
        "/6/Tiles/0/LabelData/0/Label"
      ]
    },
    "Texts": {
      "Chs": "吉亞諾蒂避風港",
      "Eng": "Giannotti Harbour"
    }
  },
  {
    "DeniedAlternatives": [],
    "Files": {
      "geography/Tiles.json": [
        "/14/Tiles/0/HumanName"
      ]
    },
    "Texts": {
      "Chs": "蛛网海峡",
      "Eng": "Gossamer Way"
    }
  },
  {
    "DeniedAlternatives": [],
    "Files": {
      "geography/Tiles.json": [
        "/37/Tiles/0/LabelData/7/Label"
      ]
    },
    "Texts": {
      "Chs": "哈珀渡口",
      "Eng": "Harper's Ferry"
    }
  },
  {
    "DeniedAlternatives": [],
    "Files": {
      "geography/Tiles.json": [
        "/6/Tiles/0/LabelData/2/Label"
      ]
    },
    "Texts": {
      "Chs": "赫卡特琳拱門",
      "Eng": "Hekaterine's Arch"
    }
  },
  {
    "DeniedAlternatives": [],
    "Files": {
      "geography/Tiles.json": [
        "/39/Tiles/1/Description"
      ]
    },
    "Texts": {
      "Chs": "在这里,一片黑暗的大海就像泛起波纹的玻璃,夹杂着一点洞顶的微光.",
      "Eng": "Here the slate-black sea is like rippled glass, spiked with light from the roof."
    }
  },
  {
    "DeniedAlternatives": [],
    "Files": {
      "geography/Tiles.json": [
        "/9/Tiles/0/Description"
      ]
    },
    "Texts": {
      "Chs": "在这里,狂野的空气和其他区域的空气混合在一起. 德莫之门,以在其中失踪的一名领航员命名. 他的遗骨是怎么来到下面的?",
      "Eng": "Here the wilder airs mingle with the airs of the near reaches. Demeaux's Gate, named for a navigator lost above. How did his bones come below?"
    }
  },
  {
    "DeniedAlternatives": [],
    "Files": {
      "geography/Tiles.json": [
        "/7/Tiles/0/LabelData/7/Label"
      ]
    },
    "Texts": {
      "Chs": "胡哲頓峭壁",
      "Eng": "Hodgerton's Bluff"
    }
  },
  {
    "DeniedAlternatives": [],
    "Files": {
      "geography/Tiles.json": [
        "/29/Tiles/0/Description"
      ]
    },
    "Texts": {
      "Chs": "家乡的水域. 水手们趴在栏杆上,寻找伦敦的灯火.",
      "Eng": "Home waters. Zailors dawdle at the rail, watching for the lights of London."
    }
  },
  {
    "DeniedAlternatives": [],
    "Files": {
      "geography/Tiles.json": [
        "/37/Tiles/0/LabelData/3/Label"
      ]
    },
    "Texts": {
      "Chs": "霍恩曼的雄鹿厅",
      "Eng": "Horneman's Stag"
    }
  },
  {
    "DeniedAlternatives": [],
    "Files": {
      "geography/Tiles.json": [
        "/22/Tiles/0/LabelData/2/Label"
      ]
    },
    "Texts": {
      "Chs": "先祖祠堂",
      "Eng": "House of Ancestors"
    }
  },
  {
    "DeniedAlternatives": [],
    "Files": {
      "geography/Tiles.json": [
        "/9/Tiles/0/LabelData/2/Label"
      ]
    },
    "Texts": {
      "Chs": "鋼鐵和米斯里合作公司.真菌林場",
      "Eng": "Iron & Misery Co. Funging Station"
    }
  },
  {
    "DeniedAlternatives": [],
    "Files": {
      "geography/Tiles.json": [
        "/22/Tiles/0/LabelData/1/Label"
      ]
    },
    "Texts": {
      "Chs": "鋼鐵區",
      "Eng": "Iron Quarter"
    }
  },
  {
    "DeniedAlternatives": [],
    "Files": {
      "geography/Tiles.json": [
        "/30/Tiles/0/LabelData/2/Label"
      ]
    },
    "Texts": {
      "Chs": "浪子傑克石柱",
      "Eng": "Jack - a - Dandy Stack"
    }
  },
  {
    "DeniedAlternatives": [],
    "Files": {
      "geography/Tiles.json": [
        "/1/Tiles/0/LabelData/1/Label"
      ]
    },
    "Texts": {
      "Chs": "強納森鎮",
      "Eng": "Johannesson Town"
    }
  },
  {
    "DeniedAlternatives": [],
    "Files": {
      "geography/Tiles.json": [
        "/32/Tiles/0/LabelData/4/Label"
      ]
    },
    "Texts": {
      "Chs": "卡波爾卡盆地",
      "Eng": "Kapalka Cove"
    }
  },
  {
    "DeniedAlternatives": [],
    "Files": {
      "geography/Tiles.json": [
        "/22/Tiles/0/LabelData/7/Label"
      ]
    },
    "Texts": {
      "Chs": "可汗之門",
      "Eng": "Khan's Gate"
    }
  },
  {
    "DeniedAlternatives": [],
    "Files": {
      "geography/Tiles.json": [
        "/36/Tiles/0/LabelData/0/Label"
      ]
    },
    "Texts": {
      "Chs": "鰻魚迷宮",
      "Eng": "Labyrinth of Eels"
    }
  },
  {
    "DeniedAlternatives": [],
    "Files": {
      "geography/Tiles.json": [
        "/22/Tiles/0/LabelData/0/Label"
      ]
    },
    "Texts": {
      "Chs": "雪豹廳",
      "Eng": "Leopard"
    }
  },
  {
    "DeniedAlternatives": [],
    "Files": {
      "geography/Tiles.json": [
        "/35/Tiles/0/LabelData/3/Label"
      ]
    },
    "Texts": {
      "Chs": "萊斯利港",
      "Eng": "Lesley's Harbour"
    }
  },
  {
    "DeniedAlternatives": [],
    "Files": {
      "geography/Tiles.json": [
        "/2/Tiles/0/LabelData/3/Label"
      ]
    },
    "Texts": {
      "Chs": "圖書管理員岩洞",
      "Eng": "Librarian's Grotto"
    }
  },
  {
    "DeniedAlternatives": [],
    "Files": {
      "geography/Tiles.json": [
        "/36/Tiles/0/LabelData/3/Label"
      ]
    },
    "Texts": {
      "Chs": "猴抓石礁",
      "Eng": "Lick-a-Monkey Crag"
    }
  },
  {
    "DeniedAlternatives": [],
    "Files": {
      "geography/Tiles.json": [
        "/23/Tiles/0/LabelData/0/Label"
      ]
    },
    "Texts": {
      "Chs": "里皮ä哀雅角",
      "Eng": "Lipiäinen Point"
    }
  },
  {
    "DeniedAlternatives": [],
    "Files": {
      "geography/Tiles.json": [
        "/6/Tiles/0/Description"
      ]
    },
    "Texts": {
      "Chs": "小船在附近的海域聚集着. 船员都带着怀念的神情: 他们互相讲述着光明之海的老故事. 我们接近了卡米安运河,通向地表的路.",
      "Eng": "Little ships throng the waters here. The crew grow wistful: they swap old stories of sunlit sea. We draw near to the Cumaean Canal, the way to the Surface."
    }
  },
  {
    "DeniedAlternatives": [],
    "Files": {
      "geography/Tiles.json": [
        "/20/Tiles/0/LabelData/2/Label"
      ]
    },
    "Texts": {
      "Chs": "洛林港",
      "Eng": "Lorkins Port"
    }
  },
  {
    "DeniedAlternatives": [],
    "Files": {
      "geography/Tiles.json": [
        "/20/Tiles/0/LabelData/3/Label"
      ]
    },
    "Texts": {
      "Chs": "拉柯萊特礁",
      "Eng": "Luckwright's Reef"
    }
  },
  {
    "DeniedAlternatives": [],
    "Files": {
      "geography/Tiles.json": [
        "/4/Tiles/0/LabelData/2/Label"
      ]
    },
    "Texts": {
      "Chs": "梅西長桿",
      "Eng": "Massey's Shaft"
    }
  },
  {
    "DeniedAlternatives": [],
    "Files": {
      "geography/Tiles.json": [
        "/21/Tiles/0/LabelData/4/Label"
      ]
    },
    "Texts": {
      "Chs": "麥克馬斯特避風港",
      "Eng": "McMaster's Haven"
    }
  },
  {
    "DeniedAlternatives": [],
    "Files": {
      "geography/Tiles.json": [
        "/27/Tiles/0/Description"
      ]
    },
    "Texts": {
      "Chs": "贩帽人蝙蝠栖息在漏斗状的地形中,用偷来的羽毛装饰自己.这里一定是羽毛海.",
      "Eng": "Milliner-bats perch on the funnel, gaudy with stolen plumage. This must be the Feathered Sea."
    }
  },
  {
    "DeniedAlternatives": [],
    "Files": {
      "geography/Tiles.json": [
        "/9/Tiles/0/LabelData/3/Label"
      ]
    },
    "Texts": {
      "Chs": "穆迪之光",
      "Eng": "Moody's Light"
    }
  },
  {
    "DeniedAlternatives": [],
    "Files": {
      "geography/Tiles.json": [
        "/29/Tiles/0/LabelData/4/Label"
      ]
    },
    "Texts": {
      "Chs": "莫里海峽",
      "Eng": "Murray Straits"
    }
  },
  {
    "DeniedAlternatives": [],
    "Files": {
      "geography/Tiles.json": [
        "/16/Tiles/0/HumanName"
      ]
    },
    "Texts": {
      "Chs": "米瑟利加亚",
      "Eng": "Myceligaea"
    }
  },
  {
    "DeniedAlternatives": [],
    "Files": {
      "geography/Tiles.json": [
        "/18/Tiles/0/LabelData/4/Label"
      ]
    },
    "Texts": {
      "Chs": "納布盧斯暗礁",
      "Eng": "Nablus Reef"
    }
  },
  {
    "DeniedAlternatives": [],
    "Files": {
      "geography/Tiles.json": [
        "/35/Tiles/0/LabelData/2/Label"
      ]
    },
    "Texts": {
      "Chs": "南森絕壁",
      "Eng": "Nathan's Bluff"
    }
  },
  {
    "DeniedAlternatives": [],
    "Files": {
      "geography/Tiles.json": [
        "/39/Tiles/0/Description"
      ]
    },
    "Texts": {
      "Chs": "新水手不会注意到变化. 但是你感觉空气刺痛了你的皮肤. 某个地方有一些新的变化.",
      "Eng": "No landlubber would notice the change. But you feel the air prickle on your skin. Somewhere new."
    }
  },
  {
    "DeniedAlternatives": [],
    "Files": {
      "geography/Tiles.json": [
        "/19/Tiles/0/LabelData/10/Label"
      ]
    },
    "Texts": {
      "Chs": "諾克提克瓣面",
      "Eng": "Noctic Lobe"
    }
  },
  {
    "DeniedAlternatives": [],
    "Files": {
      "geography/Tiles.json": [
        "/24/Tiles/0/LabelData/2/Label"
      ]
    },
    "Texts": {
      "Chs": "納普密迪特港",
      "Eng": "Nuppmiddt Harbour"
    }
  },
  {
    "DeniedAlternatives": [],
    "Files": {
      "geography/Tiles.json": [
        "/10/Tiles/0/LabelData/4/Label"
      ]
    },
    "Texts": {
      "Chs": "歐'科菲'灣流",
      "Eng": "O'Keefe's Drift"
    }
  },
  {
    "DeniedAlternatives": [],
    "Files": {
      "geography/Tiles.json": [
        "/26/Tiles/0/LabelData/5/Label"
      ]
    },
    "Texts": {
      "Chs": "服從",
      "Eng": "Obey"
    }
  },
  {
    "DeniedAlternatives": [],
    "Files": {
      "geography/Tiles.json": [
        "/1/Tiles/0/LabelData/2/Label"
      ]
    },
    "Texts": {
      "Chs": "奧丁森海峽",
      "Eng": "Odinson Straits"
    }
  },
  {
    "DeniedAlternatives": [],
    "Files": {
      "geography/Tiles.json": [
        "/22/Tiles/0/LabelData/4/Label"
      ]
    },
    "Texts": {
      "Chs": "窩闊台大橋",
      "Eng": "Ogedei's Bridge"
    }
  },
  {
    "DeniedAlternatives": [],
    "Files": {
      "geography/Tiles.json": [
        "/1/Tiles/0/LabelData/5/Label"
      ]
    },
    "Texts": {
      "Chs": "蒼白荒原",
      "Eng": "Pale Wastes"
    }
  },
  {
    "DeniedAlternatives": [],
    "Files": {
      "geography/Tiles.json": [
        "/17/Tiles/0/HumanName"
      ]
    },
    "Texts": {
      "Chs": "帕默斯顿海域",
      "Eng": "Palmerston's Reach"
    }
  },
  {
    "DeniedAlternatives": [],
    "Files": {
      "geography/Tiles.json": [
        "/17/Tiles/0/Description"
      ]
    },
    "Texts": {
      "Chs": "帕默斯顿海域. 风中有硫磺的气味.",
      "Eng": "Palmerston's Reach. There is brimstone on the wind."
    }
  },
  {
    "DeniedAlternatives": [],
    "Files": {
      "geography/Tiles.json": [
        "/4/Tiles/0/LabelData/4/Label"
      ]
    },
    "Texts": {
      "Chs": "帕特里克的命運",
      "Eng": "Patrick's Lot"
    }
  },
  {
    "DeniedAlternatives": [],
    "Files": {
      "geography/Tiles.json": [
        "/25/Tiles/0/LabelData/1/Label"
      ]
    },
    "Texts": {
      "Chs": "彭寧頓",
      "Eng": "Pennington"
    }
  },
  {
    "DeniedAlternatives": [],
    "Files": {
      "geography/Tiles.json": [
        "/32/Tiles/0/LabelData/6/Label"
      ]
    },
    "Texts": {
      "Chs": "彼得礁",
      "Eng": "Peter's Rocks"
    }
  },
  {
    "DeniedAlternatives": [],
    "Files": {
      "geography/Tiles.json": [
        "/24/Tiles/0/LabelData/3/Label"
      ]
    },
    "Texts": {
      "Chs": "彼得森裂谷",
      "Eng": "Peterson's Rift"
    }
  },
  {
    "DeniedAlternatives": [],
    "Files": {
      "geography/Tiles.json": [
        "/37/Tiles/0/LabelData/5/Label"
      ]
    },
    "Texts": {
      "Chs": "皮克特絕壁",
      "Eng": "Pickett's Bluff"
    }
  },
  {
    "DeniedAlternatives": [],
    "Files": {
      "geography/Tiles.json": [
        "/18/Tiles/0/HumanName"
      ]
    },
    "Texts": {
      "Chs": "石柱海",
      "Eng": "Pillared Sea"
    }
  },
  {
    "DeniedAlternatives": [],
    "Files": {
      "geography/Tiles.json": [
        "/0/Tiles/0/LabelData/4/Label"
      ]
    },
    "Texts": {
      "Chs": "利文斯頓角",
      "Eng": "Point Livingston"
    }
  },
  {
    "DeniedAlternatives": [],
    "Files": {
      "geography/Tiles.json": [
        "/22/Tiles/0/LabelData/15/Label"
      ]
    },
    "Texts": {
      "Chs": "青瓷區",
      "Eng": "Porcelain Quarter"
    }
  },
  {
    "DeniedAlternatives": [],
    "Files": {
      "geography/Tiles.json": [
        "/5/Tiles/0/LabelData/4/Label"
      ]
    },
    "Texts": {
      "Chs": "阿迪港",
      "Eng": "Port Addey"
    }
  },
  {
    "DeniedAlternatives": [],
    "Files": {
      "geography/Tiles.json": [
        "/30/Tiles/0/LabelData/1/Label"
      ]
    },
    "Texts": {
      "Chs": "厄爾東港",
      "Eng": "Port Erdonmez"
    }
  },
  {
    "DeniedAlternatives": [],
    "Files": {
      "geography/Tiles.json": [
        "/17/Tiles/0/LabelData/3/Label"
      ]
    },
    "Texts": {
      "Chs": "帕默斯頓港",
      "Eng": "Port Palmerston"
    }
  },
  {
    "DeniedAlternatives": [],
    "Files": {
      "geography/Tiles.json": [
        "/3/Tiles/0/LabelData/4/Label"
      ]
    },
    "Texts": {
      "Chs": "普爾澤雅暗礁",
      "Eng": "Pourzia's Reef"
    }
  },
  {
    "DeniedAlternatives": [],
    "Files": {
      "geography/Tiles.json": [
        "/29/Tiles/0/LabelData/9/Label"
      ]
    },
    "Texts": {
      "Chs": "普利芬格荒原",
      "Eng": "Prickfinger Wastes"
    }
  },
  {
    "DeniedAlternatives": [],
    "Files": {
      "geography/Tiles.json": [
        "/25/Tiles/0/LabelData/3/Label"
      ]
    },
    "Texts": {
      "Chs": "普塔切克之怒",
      "Eng": "Ptacek's Fury"
    }
  },
  {
    "DeniedAlternatives": [],
    "Files": {
      "geography/Tiles.json": [
        "/1/Tiles/0/LabelData/0/Label"
      ]
    },
    "Texts": {
      "Chs": "普克瑞治瞭望台",
      "Eng": "Puckeridge's Lookout"
    }
  },
  {
    "DeniedAlternatives": [],
    "Files": {
      "geography/Tiles.json": [
        "/9/Tiles/0/LabelData/4/Label"
      ]
    },
    "Texts": {
      "Chs": "帕威爾角",
      "Eng": "Purewal Point"
    }
  },
  {
    "DeniedAlternatives": [],
    "Files": {
      "geography/Tiles.json": [
        "/2/Tiles/0/LabelData/4/Label"
      ]
    },
    "Texts": {
      "Chs": "蕾娜漩渦",
      "Eng": "Rainer's Vortex"
    }
  },
  {
    "DeniedAlternatives": [],
    "Files": {
      "geography/Tiles.json": [
        "/21/Tiles/0/HumanName"
      ]
    },
    "Texts": {
      "Chs": "拉特西",
      "Eng": "Rattsey"
    }
  },
  {
    "DeniedAlternatives": [],
    "Files": {
      "geography/Tiles.json": [
        "/32/Tiles/0/LabelData/1/Label"
      ]
    },
    "Texts": {
      "Chs": "玫瑰礁",
      "Eng": "Reef of Roses"
    }
  },
  {
    "DeniedAlternatives": [],
    "Files": {
      "geography/Tiles.json": [
        "/19/Tiles/0/LabelData/8/Label"
      ]
    },
    "Texts": {
      "Chs": "莊嚴複合體",
      "Eng": "Regal Complexus"
    }
  },
  {
    "DeniedAlternatives": [],
    "Files": {
      "geography/Tiles.json": [
        "/2/Tiles/0/LabelData/2/Label"
      ]
    },
    "Texts": {
      "Chs": "洛麗亞絕壁",
      "Eng": "Rolias Bluff"
    }
  },
  {
    "DeniedAlternatives": [],
    "Files": {
      "geography/Tiles.json": [
        "/29/Tiles/0/LabelData/10/Label"
      ]
    },
    "Texts": {
      "Chs": "羅威納礁",
      "Eng": "Rowena's Rocks"
    }
  },
  {
    "DeniedAlternatives": [],
    "Files": {
      "geography/Tiles.json": [
        "/5/Tiles/0/LabelData/3/Label"
      ]
    },
    "Texts": {
      "Chs": "魯本那契岩洞",
      "Eng": "Rubenach Grotto"
    }
  },
  {
    "DeniedAlternatives": [],
    "Files": {
      "geography/Tiles.json": [
        "/18/Tiles/0/LabelData/2/Label"
      ]
    },
    "Texts": {
      "Chs": "拉賽格海峽",
      "Eng": "Ruegsegger Straits"
    }
  },
  {
    "DeniedAlternatives": [],
    "Files": {
      "geography/Tiles.json": [
        "/7/Tiles/0/LabelData/3/Label"
      ]
    },
    "Texts": {
      "Chs": "拉什米港",
      "Eng": "Runeshmi Port"
    }
  },
  {
    "DeniedAlternatives": [],
    "Files": {
      "geography/Tiles.json": [
        "/3/Tiles/0/LabelData/2/Label"
      ]
    },
    "Texts": {
      "Chs": "撒查鎮",
      "Eng": "Sachatown"
    }
  },
  {
    "DeniedAlternatives": [],
    "Files": {
      "geography/Tiles.json": [
        "/36/Tiles/0/LabelData/5/Label"
      ]
    },
    "Texts": {
      "Chs": "聖徒避風港",
      "Eng": "Saints-Haven"
    }
  },
  {
    "DeniedAlternatives": [],
    "Files": {
      "geography/Tiles.json": [
        "/22/Tiles/0/HumanName"
      ]
    },
    "Texts": {
      "Chs": "盐阶",
      "Eng": "Salt Steppes"
    }
  },
  {
    "DeniedAlternatives": [],
    "Files": {
      "geography/Tiles.json": [
        "/3/Tiles/0/LabelData/3/Label"
      ]
    },
    "Texts": {
      "Chs": "沙貝爾港",
      "Eng": "Schabelport"
    }
  },
  {
    "DeniedAlternatives": [],
    "Files": {
      "geography/Tiles.json": [
        "/19/Tiles/0/LabelData/5/Label"
      ]
    },
    "Texts": {
      "Chs": "斯科特礁",
      "Eng": "Scott's Reef"
    }
  },
  {
    "DeniedAlternatives": [],
    "Files": {
      "geography/Tiles.json": [
        "/21/Tiles/0/Description"
      ]
    },
    "Texts": {
      "Chs": "在船舱的角落里窜来窜去,叽叽喳喳.弓着背的小身影在甲板的围栏上移动着. 拉特西的空气为这些有害动物壮了胆.",
      "Eng": "Scuttering and chittering in the corners of the hold. Humped shapes on the deck rail. Rattsey air emboldens vermin."
    }
  },
  {
    "DeniedAlternatives": [],
    "Files": {
      "geography/Tiles.json": [
        "/24/Tiles/0/LabelData/0/Label"
      ]
    },
    "Texts": {
      "Chs": "蓮花海",
      "Eng": "Sea of Lilies"
    }
  },
  {
    "DeniedAlternatives": [],
    "Files": {
      "geography/Tiles.json": [
        "/25/Tiles/0/HumanName",
        "/25/Tiles/0/LabelData/2/Label"
      ]
    },
    "Texts": {
      "Chs": "雕像海",
      "Eng": "Sea of Statues"
    }
  },
  {
    "DeniedAlternatives": [],
    "Files": {
      "geography/Tiles.json": [
        "/27/Tiles/0/HumanName"
      ]
    },
    "Texts": {
      "Chs": "羽毛海",
      "Eng": "Sea of Wings"
    }
  },
  {
    "DeniedAlternatives": [],
    "Files": {
      "geography/Tiles.json": [
        "/28/Tiles/0/HumanName"
      ]
    },
    "Texts": {
      "Chs": "牧羊人湾流",
      "Eng": "Shepherd's Wash"
    }
  },
  {
    "DeniedAlternatives": [],
    "Files": {
      "geography/Tiles.json": [
        "/28/Tiles/0/Description"
      ]
    },
    "Texts": {
      "Chs": "牧羊人湾流, 满是咸味的伦敦贫穷离岛, 隐士,修女和秘密交易的家乡.",
      "Eng": "Shepherd's Wash, the salty hinterland of London, home to hermits, nuns and shadowy business."
    }
  },
  {
    "DeniedAlternatives": [],
    "Files": {
      "geography/Tiles.json": [
        "/15/Tiles/0/Description"
      ]
    },
    "Texts": {
      "Chs": "炽热的蒸汽从海中升腾而出. 时间退居一旁.你看到一名锅炉工的脖子上套上了绳圈,然后他的同伴把它殴打致死.我们正在钢铁共和国的烟幕之下.",
      "Eng": "Sizzling vapours rise from the sea. Time slips sideways. A coil of rope has stung a stoker, and his fellows beat it to death. We are under the hand of the Iron Republic."
    }
  },
  {
    "DeniedAlternatives": [],
    "Files": {
      "geography/Tiles.json": [
        "/21/Tiles/0/LabelData/3/Label"
      ]
    },
    "Texts": {
      "Chs": "斯凱拉的終結",
      "Eng": "Skylar's End"
    }
  },
  {
    "DeniedAlternatives": [],
    "Files": {
      "geography/Tiles.json": [
        "/39/Tiles/6/Description"
      ]
    },
    "Texts": {
      "Chs": "有些被遗忘的东西还在这里.",
      "Eng": "Something forgotten is here."
    }
  },
  {
    "DeniedAlternatives": [],
    "Files": {
      "geography/Tiles.json": [
        "/29/Tiles/0/HumanName"
      ]
    },
    "Texts": {
      "Chs": "南方群岛",
      "Eng": "Southern Archipelago"
    }
  },
  {
    "DeniedAlternatives": [],
    "Files": {
      "geography/Tiles.json": [
        "/39/Tiles/3/Description"
      ]
    },
    "Texts": {
      "Chs": "螺塔直指伪星之光.小心礁石.",
      "Eng": "Spined towers rear in the light of the false-stars. Ware reefs."
    }
  },
  {
    "DeniedAlternatives": [],
    "Files": {
      "geography/Tiles.json": [
        "/4/Tiles/0/Description"
      ]
    },
    "Texts": {
      "Chs": "远处若隐若现的石笋就像是伍夫斯托克港的起重机,但是远比那更巨大,更巨大. 这里就是海盗之林.我们的瞭望手提高了警惕.",
      "Eng": "Stalagmites loom in the distance like the cranes of Wolfstack Docks, but vaster, vaster. The Corsair's Forest. Our lookouts are watchful."
    }
  },
  {
    "DeniedAlternatives": [],
    "Files": {
      "geography/Tiles.json": [
        "/32/Tiles/0/HumanName"
      ]
    },
    "Texts": {
      "Chs": "斯坦福的阔地",
      "Eng": "Stamford's Expanse"
    }
  },
  {
    "DeniedAlternatives": [],
    "Files": {
      "geography/Tiles.json": [
        "/11/Tiles/0/LabelData/1/Label"
      ]
    },
    "Texts": {
      "Chs": "斯托塔德避風港",
      "Eng": "Stoddard's Haven"
    }
  },
  {
    "DeniedAlternatives": [],
    "Files": {
      "geography/Tiles.json": [
        "/33/Tiles/0/HumanName"
      ]
    },
    "Texts": {
      "Chs": "石魂岛",
      "Eng": "Stonesoul Isles"
    }
  },
  {
    "DeniedAlternatives": [],
    "Files": {
      "geography/Tiles.json": [
        "/34/Tiles/0/HumanName"
      ]
    },
    "Texts": {
      "Chs": "风暴之骨",
      "Eng": "Stormbones"
    }
  },
  {
    "DeniedAlternatives": [],
    "Files": {
      "geography/Tiles.json": [
        "/18/Tiles/0/Description"
      ]
    },
    "Texts": {
      "Chs": "从寒冰后方吹出了奇怪的暖流. 这里是石柱海, 伊瑞暮将会矗立的地方.谎言. 总是在这里游荡.",
      "Eng": "Strange puffs of warmth from the air behind the ice. This is the Pillared Sea, where Irem will lie. Lies. Has always lain."
    }
  },
  {
    "DeniedAlternatives": [],
    "Files": {
      "geography/Tiles.json": [
        "/18/Tiles/0/LabelData/3/Label"
      ]
    },
    "Texts": {
      "Chs": "斯萊克頓",
      "Eng": "Stryketon"
    }
  },
  {
    "DeniedAlternatives": [],
    "Files": {
      "geography/Tiles.json": [
        "/23/Tiles/0/LabelData/4/Label"
      ]
    },
    "Texts": {
      "Chs": "吞噬群島",
      "Eng": "Swallowing Isles"
    }
  },
  {
    "DeniedAlternatives": [],
    "Files": {
      "geography/Tiles.json": [
        "/11/Tiles/0/LabelData/0/Label"
      ]
    },
    "Texts": {
      "Chs": "梧桐拱門",
      "Eng": "Sycamore Arch"
    }
  },
  {
    "DeniedAlternatives": [],
    "Files": {
      "geography/Tiles.json": [
        "/22/Tiles/0/LabelData/3/Label"
      ]
    },
    "Texts": {
      "Chs": "鮭魚廳",
      "Eng": "Taimen"
    }
  },
  {
    "DeniedAlternatives": [],
    "Files": {
      "geography/Tiles.json": [
        "/37/Tiles/0/LabelData/4/Label"
      ]
    },
    "Texts": {
      "Chs": "塔納丘克",
      "Eng": "Tanah-Chook"
    }
  },
  {
    "DeniedAlternatives": [],
    "Files": {
      "geography/Tiles.json": [
        "/11/Tiles/0/LabelData/6/Label"
      ]
    },
    "Texts": {
      "Chs": "幽冥",
      "Eng": "Teneb"
    }
  },
  {
    "DeniedAlternatives": [],
    "Files": {
      "geography/Tiles.json": [
        "/32/Tiles/0/LabelData/7/Label"
      ]
    },
    "Texts": {
      "Chs": "阿芙羅克斯海峽",
      "Eng": "The Aferox Channel"
    }
  },
  {
    "DeniedAlternatives": [],
    "Files": {
      "geography/Tiles.json": [
        "/26/Tiles/0/LabelData/4/Label"
      ]
    },
    "Texts": {
      "Chs": "安東尼娜深淵",
      "Eng": "The Antonine Abyss"
    }
  },
  {
    "DeniedAlternatives": [],
    "Files": {
      "geography/Tiles.json": [
        "/14/Tiles/0/LabelData/1/Label"
      ]
    },
    "Texts": {
      "Chs": "阿恩岑深淵",
      "Eng": "The Arntzen Deep"
    }
  },
  {
    "DeniedAlternatives": [],
    "Files": {
      "geography/Tiles.json": [
        "/38/Tiles/0/LabelData/0/Label"
      ]
    },
    "Texts": {
      "Chs": "渴求之地平線",
      "Eng": "The Avid Horizon"
    }
  },
  {
    "DeniedAlternatives": [],
    "Files": {
      "geography/Tiles.json": [
        "/35/Tiles/0/LabelData/4/Label"
      ]
    },
    "Texts": {
      "Chs": "阿扎里克深淵",
      "Eng": "The Azaquoric Abyss"
    }
  },
  {
    "DeniedAlternatives": [],
    "Files": {
      "geography/Tiles.json": [
        "/7/Tiles/0/LabelData/5/Label"
      ]
    },
    "Texts": {
      "Chs": "巴爾什莫裂谷",
      "Eng": "The Barnsmore Gap"
    }
  },
  {
    "DeniedAlternatives": [],
    "Files": {
      "geography/Tiles.json": [
        "/1/Tiles/0/HumanName"
      ]
    },
    "Texts": {
      "Chs": "北方海岸",
      "Eng": "The Boreal Reach"
    }
  },
  {
    "DeniedAlternatives": [],
    "Files": {
      "geography/Tiles.json": [
        "/35/Tiles/0/HumanName"
      ]
    },
    "Texts": {
      "Chs": "卡勒穆尼",
      "Eng": "The Calumnies"
    }
  },
  {
    "DeniedAlternatives": [],
    "Files": {
      "geography/Tiles.json": [
        "/2/Tiles/0/HumanName"
      ]
    },
    "Texts": {
      "Chs": "玛瑙港",
      "Eng": "The Carnelian Coast"
    }
  },
  {
    "DeniedAlternatives": [],
    "Files": {
      "geography/Tiles.json": [
        "/2/Tiles/0/Description"
      ]
    },
    "Texts": {
      "Chs": "玛瑙港.遥远南方的小镇,洞顶在光明之山上反射着微光.",
      "Eng": "The Carnelian Coast. Far to the South, the Neath-roof glimmers above the Mountain of Light."
    }
  },
  {
    "DeniedAlternatives": [],
    "Files": {
      "geography/Tiles.json": [
        "/38/Tiles/0/LabelData/1/Label"
      ]
    },
    "Texts": {
      "Chs": "光之禮拜堂",
      "Eng": "The Chapel of Lights"
    }
  },
  {
    "DeniedAlternatives": [],
    "Files": {
      "geography/Tiles.json": [
        "/5/Tiles/0/HumanName"
      ]
    },
    "Texts": {
      "Chs": "哭泣高地",
      "Eng": "The Crying Heights"
    }
  },
  {
    "DeniedAlternatives": [],
    "Files": {
      "geography/Tiles.json": [
        "/5/Tiles/0/Description"
      ]
    },
    "Texts": {
      "Chs": "哭泣高地, 蓝色先知呼唤死者之名的地方.",
      "Eng": "The Crying Heights, where the Blue Prophets call the names of those about to die."
    }
  },
  {
    "DeniedAlternatives": [],
    "Files": {
      "geography/Tiles.json": [
        "/7/Tiles/0/LabelData/1/Label"
      ]
    },
    "Texts": {
      "Chs": "黎明機器",
      "Eng": "The Dawn Machine"
    }
  },
  {
    "DeniedAlternatives": [],
    "Files": {
      "geography/Tiles.json": [
        "/36/Tiles/0/LabelData/1/Label"
      ]
    },
    "Texts": {
      "Chs": "杜布瓦大漩渦",
      "Eng": "The Dubois Maelstrom"
    }
  },
  {
    "DeniedAlternatives": [],
    "Files": {
      "geography/Tiles.json": [
        "/29/Tiles/0/LabelData/11/Label"
      ]
    },
    "Texts": {
      "Chs": "回聲巴扎",
      "Eng": "The Echo Bazaar"
    }
  },
  {
    "DeniedAlternatives": [],
    "Files": {
      "geography/Tiles.json": [
        "/10/Tiles/0/HumanName"
      ]
    },
    "Texts": {
      "Chs": "手掌帝国",
      "Eng": "The Empire of Hands"
    }
  },
  {
    "DeniedAlternatives": [],
    "Files": {
      "geography/Tiles.json": [
        "/21/Tiles/0/LabelData/2/Label"
      ]
    },
    "Texts": {
      "Chs": "芬克諾特漩渦",
      "Eng": "The Finknottle Vortex"
    }
  },
  {
    "DeniedAlternatives": [],
    "Files": {
      "geography/Tiles.json": [
        "/38/Tiles/0/LabelData/2/Label"
      ]
    },
    "Texts": {
      "Chs": "奇西格漩渦",
      "Eng": "The Kisigar Vortex"
    }
  },
  {
    "DeniedAlternatives": [],
    "Files": {
      "geography/Tiles.json": [
        "/15/Tiles/0/LabelData/1/Label"
      ]
    },
    "Texts": {
      "Chs": "莫庫里烏斯海溝",
      "Eng": "The Mercurius Deep"
    }
  },
  {
    "DeniedAlternatives": [],
    "Files": {
      "geography/Tiles.json": [
        "/14/Tiles/0/LabelData/3/Label"
      ]
    },
    "Texts": {
      "Chs": "誕生地",
      "Eng": "The Nativity"
    }
  },
  {
    "DeniedAlternatives": [],
    "Files": {
      "geography/Tiles.json": [
        "/9/Tiles/0/LabelData/5/Label"
      ]
    },
    "Texts": {
      "Chs": "夫斯基爾黯區",
      "Eng": "The Phosgene Bleaks"
    }
  },
  {
    "DeniedAlternatives": [],
    "Files": {
      "geography/Tiles.json": [
        "/19/Tiles/0/HumanName"
      ]
    },
    "Texts": {
      "Chs": "珊瑚之源",
      "Eng": "The Principles of Coral"
    }
  },
  {
    "DeniedAlternatives": [],
    "Files": {
      "geography/Tiles.json": [
        "/19/Tiles/0/Description"
      ]
    },
    "Texts": {
      "Chs": "珊瑚之源. 这些死去的彩虹在波浪下散发着微光,就像是在回应着上面的伪星.",
      "Eng": "The Principles of Coral. The corpse-rainbow glow from beneath the waves echoes the false-stars above."
    }
  },
  {
    "DeniedAlternatives": [],
    "Files": {
      "geography/Tiles.json": [
        "/20/Tiles/0/HumanName"
      ]
    },
    "Texts": {
      "Chs": "许诺之海",
      "Eng": "The Promised Sea"
    }
  },
  {
    "DeniedAlternatives": [],
    "Files": {
      "geography/Tiles.json": [
        "/20/Tiles/0/Description"
      ]
    },
    "Texts": {
      "Chs": "许诺之海. 总是这里, 关于溺亡者们谎言的歌声随着风飘荡着.",
      "Eng": "The Promised Sea. All through this place, the song of the Drownies lies shivering-sweet along the wind."
    }
  },
  {
    "DeniedAlternatives": [],
    "Files": {
      "geography/Tiles.json": [
        "/34/Tiles/0/LabelData/1/Label"
      ]
    },
    "Texts": {
      "Chs": "碎鴉燈塔",
      "Eng": "The Ragged Crow"
    }
  },
  {
    "DeniedAlternatives": [],
    "Files": {
      "geography/Tiles.json": [
        "/22/Tiles/0/Description"
      ]
    },
    "Texts": {
      "Chs": "盐阶.这里是新汗国的领土,在伦敦陷落之前,他们的祖先就早已来到这里...",
      "Eng": "The Salt Steppes. This is the domain of the New Khanate, whose ancestors came here long before London fell..."
    }
  },
  {
    "DeniedAlternatives": [],
    "Files": {
      "geography/Tiles.json": [
        "/23/Tiles/0/HumanName"
      ]
    },
    "Texts": {
      "Chs": "秋日之海",
      "Eng": "The Sea of Autumns"
    }
  },
  {
    "DeniedAlternatives": [],
    "Files": {
      "geography/Tiles.json": [
        "/24/Tiles/0/HumanName"
      ]
    },
    "Texts": {
      "Chs": "莲花海",
      "Eng": "The Sea of Lilies"
    }
  },
  {
    "DeniedAlternatives": [],
    "Files": {
      "geography/Tiles.json": [
        "/26/Tiles/0/HumanName"
      ]
    },
    "Texts": {
      "Chs": "声音之海",
      "Eng": "The Sea of Voices"
    }
  },
  {
    "DeniedAlternatives": [],
    "Files": {
      "geography/Tiles.json": [
        "/28/Tiles/0/LabelData/6/Label"
      ]
    },
    "Texts": {
      "Chs": "姐妹會",
      "Eng": "The Sisterhood"
    }
  },
  {
    "DeniedAlternatives": [],
    "Files": {
      "geography/Tiles.json": [
        "/36/Tiles/0/HumanName"
      ]
    },
    "Texts": {
      "Chs": "罗网",
      "Eng": "The Snares"
    }
  },
  {
    "DeniedAlternatives": [],
    "Files": {
      "geography/Tiles.json": [
        "/30/Tiles/0/HumanName"
      ]
    },
    "Texts": {
      "Chs": "南方之壁",
      "Eng": "The Southern Wall"
    }
  },
  {
    "DeniedAlternatives": [],
    "Files": {
      "geography/Tiles.json": [
        "/31/Tiles/0/HumanName"
      ]
    },
    "Texts": {
      "Chs": "南方之壁",
      "Eng": "The Southern Wall (Tiling version)"
    }
  },
  {
    "DeniedAlternatives": [],
    "Files": {
      "geography/Tiles.json": [
        "/37/Tiles/0/HumanName"
      ]
    },
    "Texts": {
      "Chs": "死亡租界",
      "Eng": "The Tomb Colonies"
    }
  },
  {
    "DeniedAlternatives": [],
    "Files": {
      "geography/Tiles.json": [
        "/39/Tiles/1/HumanName",
        "/39/Tiles/2/HumanName",
        "/39/Tiles/3/HumanName",
        "/39/Tiles/4/HumanName",
        "/39/Tiles/5/HumanName",
        "/39/Tiles/6/HumanName",
        "/39/Tiles/7/HumanName"
      ]
    },
    "Texts": {
      "Chs": "黑暗的地下海",
      "Eng": "The dark Unterzee"
    }
  },
  {
    "DeniedAlternatives": [],
    "Files": {
      "geography/Tiles.json": [
        "/32/Tiles/0/Description"
      ]
    },
    "Texts": {
      "Chs": "上方的伪星看起来就像阴郁的玛瑙,就像老虎的眼睛.斯坦福的阔地, 以那个孩子被大猫叼走的可怜人命名.",
      "Eng": "The false-stars above are feral amber, like tigers' eyes. Stamford's Expanse, named for one who lost his child to cats."
    }
  },
  {
    "DeniedAlternatives": [],
    "Files": {
      "geography/Tiles.json": [
        "/23/Tiles/0/Description"
      ]
    },
    "Texts": {
      "Chs": "秋日之海的迷雾会迷住你的眼睛,渗入你的心.你经常发现你会莫名其妙的开始流泪.",
      "Eng": "The mists of the Sea of Autumn get into the eyes, the heart. It is not unusual to find yourself in unsuspected tears."
    }
  },
  {
    "DeniedAlternatives": [],
    "Files": {
      "geography/Tiles.json": [
        "/16/Tiles/0/Description"
      ]
    },
    "Texts": {
      "Chs": "水流因为其中漂浮的菌丝而变得迟钝. 紫色的蔬菜破土而出. 米瑟利加亚!",
      "Eng": "The water is sluggish with hyphal threads. Violet vegetable bulks break the surface. Myceligaea!"
    }
  },
  {
    "DeniedAlternatives": [],
    "Files": {
      "geography/Tiles.json": [
        "/39/Tiles/4/Description"
      ]
    },
    "Texts": {
      "Chs": "风带来了遥远圣歌的回响. 早已死去的牧师仍然在为这里计时.",
      "Eng": "The wind carries the echo of distant chants. Long-dead priests still count the hours in this place."
    }
  },
  {
    "DeniedAlternatives": [],
    "Files": {
      "geography/Tiles.json": [
        "/39/Tiles/2/Description"
      ]
    },
    "Texts": {
      "Chs": "世界被看不见的丝线网住了. 你穿过了其中的一个.绷紧了它们, 这些绷紧的丝线能切开水果.",
      "Eng": "The world is webbed with invisible lines. You've crossed one. Tighten them, and it would split like a fruit."
    }
  },
  {
    "DeniedAlternatives": [],
    "Files": {
      "geography/Tiles.json": [
        "/39/Tiles/7/Description"
      ]
    },
    "Texts": {
      "Chs": "这里的海水有些温暖. 气泡浮起, 爆裂, 似乎是某种懒散的威胁. 地火永不安宁.",
      "Eng": "The zee here is warm. Bubbles rise and burst with lazy menace. The fire in the earth is restless."
    }
  },
  {
    "DeniedAlternatives": [],
    "Files": {
      "geography/Tiles.json": [
        "/38/Tiles/0/Description"
      ]
    },
    "Texts": {
      "Chs": "这里一定是虚空之隅.空气中有一些辐射发出的寒冷爆裂声. 向北方看去, 伪星陷入了黑暗之中.",
      "Eng": "This must be Void's Approach. The air crackles with frosty radiations. To the North, the false-stars fail in the darkness."
    }
  },
  {
    "DeniedAlternatives": [],
    "Files": {
      "geography/Tiles.json": [
        "/31/Tiles/0/Description"
      ]
    },
    "Texts": {
      "Chs": "一朵淡黄色的光组成的花朵出现在了南方的地平线上! 你靠近了瓦尔查斯, 镜之城.",
      "Eng": "This part of the Unterzee (The Southern Wall) has not yet been created!"
    }
  },
  {
    "DeniedAlternatives": [],
    "Files": {
      "geography/Tiles.json": [
        "/28/Tiles/0/LabelData/1/Label"
      ]
    },
    "Texts": {
      "Chs": "索恩威爾圍場",
      "Eng": "Thornwell Croft"
    }
  },
  {
    "DeniedAlternatives": [],
    "Files": {
      "geography/Tiles.json": [
        "/26/Tiles/0/LabelData/3/Label"
      ]
    },
    "Texts": {
      "Chs": "食慾之潮",
      "Eng": "Tides of Appetite"
    }
  },
  {
    "DeniedAlternatives": [],
    "Files": {
      "geography/Tiles.json": [
        "/23/Tiles/0/LabelData/1/Label"
      ]
    },
    "Texts": {
      "Chs": "提格拉爾灣",
      "Eng": "Tiggelaar Bay"
    }
  },
  {
    "DeniedAlternatives": [],
    "Files": {
      "geography/Tiles.json": [
        "/10/Tiles/0/LabelData/3/Label"
      ]
    },
    "Texts": {
      "Chs": "托里角",
      "Eng": "Torry Point"
    }
  },
  {
    "DeniedAlternatives": [],
    "Files": {
      "geography/Tiles.json": [
        "/22/Tiles/0/LabelData/5/Label"
      ]
    },
    "Texts": {
      "Chs": "玄武廳",
      "Eng": "Tortoise"
    }
  },
  {
    "DeniedAlternatives": [],
    "Files": {
      "geography/Tiles.json": [
        "/3/Tiles/0/LabelData/5/Label"
      ]
    },
    "Texts": {
      "Chs": "圖斯勒海峽",
      "Eng": "Tusler's Channel"
    }
  },
  {
    "DeniedAlternatives": [],
    "Files": {
      "geography/Tiles.json": [
        "/25/Tiles/0/LabelData/6/Label"
      ]
    },
    "Texts": {
      "Chs": "厄普頓",
      "Eng": "Upton"
    }
  },
  {
    "DeniedAlternatives": [],
    "Files": {
      "geography/Tiles.json": [
        "/15/Tiles/0/LabelData/4/Label"
      ]
    },
    "Texts": {
      "Chs": "馮 霍恩港",
      "Eng": "Van Horn Harbour"
    }
  },
  {
    "DeniedAlternatives": [],
    "Files": {
      "geography/Tiles.json": [
        "/2/Tiles/0/LabelData/5/Label"
      ]
    },
    "Texts": {
      "Chs": "費爾騰漩渦",
      "Eng": "Velten's Vortex"
    }
  },
  {
    "DeniedAlternatives": [],
    "Files": {
      "geography/Tiles.json": [
        "/25/Tiles/0/LabelData/4/Label"
      ]
    },
    "Texts": {
      "Chs": "维诺裂谷",
      "Eng": "Vinno's Rift"
    }
  },
  {
    "DeniedAlternatives": [],
    "Files": {
      "geography/Tiles.json": [
        "/38/Tiles/0/HumanName"
      ]
    },
    "Texts": {
      "Chs": "虚空之隅",
      "Eng": "Void's Approach"
    }
  },
  {
    "DeniedAlternatives": [],
    "Files": {
      "geography/Tiles.json": [
        "/22/Tiles/0/LabelData/16/Label"
      ]
    },
    "Texts": {
      "Chs": "流浪者避風港",
      "Eng": "Wanderer's Haven"
    }
  },
  {
    "DeniedAlternatives": [],
    "Files": {
      "geography/Tiles.json": [
        "/10/Tiles/0/Description"
      ]
    },
    "Texts": {
      "Chs": "我们接近了手掌帝国.让我们抓紧自己的灵魂, 小心别让圣灵猿从我们身上把灵魂抓走.",
      "Eng": "We approach the Empire of Hands. Let us clasp our souls tight, lest the Pentecost Apes take them from us."
    }
  },
  {
    "DeniedAlternatives": [],
    "Files": {
      "geography/Tiles.json": [
        "/34/Tiles/0/Description"
      ]
    },
    "Texts": {
      "Chs": "我们进入了风暴之骨.圣艾利吉乌斯让他的火焰在空中起舞, 在甲板上起舞. 我们能看见,在很远的地方,是碎鸦灯塔的光.",
      "Eng": "We enter Stormbones. St Eligius sends his fire to dance in the air, on deck. Very far away we see the great light of the Ragged Crow."
    }
  },
  {
    "DeniedAlternatives": [],
    "Files": {
      "geography/Tiles.json": [
        "/25/Tiles/0/Description"
      ]
    },
    "Texts": {
      "Chs": "我们驶入了雕像海.巨人们盯着我们.噬王者的城堡就在前面, 那些傻瓜们放弃他们的未来的地方.",
      "Eng": "We have entered the Sea of Statues. Giants gape at us. Kingeater's Castle rises ahead, where fools give up their future."
    }
  },
  {
    "DeniedAlternatives": [],
    "Files": {
      "geography/Tiles.json": [
        "/24/Tiles/0/Description"
      ]
    },
    "Texts": {
      "Chs": "我们回避着莲花海里面的真菌垫叶. 那里有一座监狱, 被瘤节先知守护着...",
      "Eng": "We watch for fungal-pads in the Sea of Lilies. There is a prison here, guarded by knot-oracles..."
    }
  },
  {
    "DeniedAlternatives": [],
    "Files": {
      "geography/Tiles.json": [
        "/18/Tiles/0/LabelData/5/Label"
      ]
    },
    "Texts": {
      "Chs": "蜘蛛裂谷",
      "Eng": "Weaver's Rift"
    }
  },
  {
    "DeniedAlternatives": [],
    "Files": {
      "geography/Tiles.json": [
        "/28/Tiles/0/LabelData/2/Label"
      ]
    },
    "Texts": {
      "Chs": "韋斯特格倫的爐火",
      "Eng": "Westergren's Fire"
    }
  },
  {
    "DeniedAlternatives": [],
    "Files": {
      "geography/Tiles.json": [
        "/33/Tiles/0/LabelData/2/Label"
      ]
    },
    "Texts": {
      "Chs": "維爾伯特深淵",
      "Eng": "Wilbert's Abyss"
    }
  },
  {
    "DeniedAlternatives": [],
    "Files": {
      "geography/Tiles.json": [
        "/22/Tiles/0/LabelData/9/Label"
      ]
    },
    "Texts": {
      "Chs": "蒼狼廳",
      "Eng": "Wolf"
    }
  },
  {
    "DeniedAlternatives": [],
    "Files": {
      "geography/Tiles.json": [
        "/28/Tiles/0/LabelData/3/Label"
      ]
    },
    "Texts": {
      "Chs": "野狼裂谷",
      "Eng": "Wolf's Rift"
    }
  },
  {
    "DeniedAlternatives": [],
    "Files": {
      "geography/Tiles.json": [
        "/29/Tiles/0/LabelData/2/Label"
      ]
    },
    "Texts": {
      "Chs": "伍夫斯托克港",
      "Eng": "Wolfstack Docks"
    }
  },
  {
    "DeniedAlternatives": [],
    "Files": {
      "geography/Tiles.json": [
        "/19/Tiles/0/LabelData/6/Label"
      ]
    },
    "Texts": {
      "Chs": "沃爾夫岡大帝號的殘骸",
      "Eng": "Wreck of the Emperor Wolfgang"
    }
  },
  {
    "DeniedAlternatives": [],
    "Files": {
      "geography/Tiles.json": [
        "/16/Tiles/0/LabelData/1/Label"
      ]
    },
    "Texts": {
      "Chs": "米克號殘骸",
      "Eng": "Wreck of the Mikko"
    }
  },
  {
    "DeniedAlternatives": [],
    "Files": {
      "geography/Tiles.json": [
        "/14/Tiles/0/LabelData/2/Label"
      ]
    },
    "Texts": {
      "Chs": "夜曲號殘骸",
      "Eng": "Wreck of the Nocturne"
    }
  },
  {
    "DeniedAlternatives": [],
    "Files": {
      "geography/Tiles.json": [
        "/7/Tiles/0/SpawnPoints/0/Description"
      ]
    },
    "Texts": {
      "Chs": "你遭遇了辉煌护卫舰.",
      "Eng": "You have encountered the  Glorious Frigates."
    }
  },
  {
    "DeniedAlternatives": [],
    "Files": {
      "geography/Tiles.json": [
        "/15/Tiles/0/SpawnPoints/0/Description"
      ]
    },
    "Texts": {
      "Chs": "遭遇海盗之林的护卫舰!",
      "Eng": "You have encountered the Iron Republic Dreadnaughts."
    }
  },
  {
    "DeniedAlternatives": [],
    "Files": {
      "geography/Tiles.json": [
        "/6/Tiles/0/SpawnPoints/0/Description"
      ]
    },
    "Texts": {
      "Chs": "你遭遇了在卡米安运河附近捕食的弗拉尔水母.",
      "Eng": "You have encountered the Jillyfleurs that prey on Cumaean shipping."
    }
  },
  {
    "DeniedAlternatives": [],
    "Files": {
      "geography/Tiles.json": [
        "/33/Tiles/0/LabelData/1/Label"
      ]
    },
    "Texts": {
      "Chs": "澤爾港",
      "Eng": "Zeel Port"
    }
  },
  {
    "DeniedAlternatives": [],
    "Files": {
      "geography/Tiles.json": [
        "/7/Tiles/0/LabelData/2/Label"
      ]
    },
    "Texts": {
      "Chs": "澤洛鎮",
      "Eng": "Zelo's Town"
    }
  },
  {
    "DeniedAlternatives": [],
    "Files": {
      "geography/Tiles.json": [
        "/38/Tiles/0/SpawnPoints/0/Description"
      ]
    },
    "Texts": {
      "Chs": "发现流浪之山, 一座黑色的玻璃山，吞噬船只.",
      "Eng": "discovered Mt Nomad, the black glass mountain that eats ships."
    }
  },
  {
    "DeniedAlternatives": [],
    "Files": {
      "geography/Tiles.json": [
        "/39/Tiles/0/HumanName"
      ]
    },
    "Texts": {
      "Chs": "黑暗的地下海",
      "Eng": "the dark Unterzee"
    }
  }
]