[
  {
    "DeniedAlternatives": [],
    "Files": {
      "encyclopaedia/Associations.json": [
        "/0/LegacyUnlockQualities/5/Name"
      ],
      "entities/qualities.json": [
        "/13/Name"
      ]
    },
    "Texts": {
      "Chs": "红色之梦",
      "Eng": "A Dream of Red"
    }
  },
  {
    "DeniedAlternatives": [],
    "Files": {
      "encyclopaedia/Associations.json": [
        "/0/LegacyUnlockQualities/4/Name"
      ],
      "entities/qualities.json": [
        "/105/Name"
      ]
    },
    "Texts": {
      "Chs": "旅行中的光",
      "Eng": "A Travelling Light"
    }
  },
  {
    "DeniedAlternatives": [],
    "Files": {
      "entities/areas.json": [
        "/44/Name"
      ],
      "entities/events.json": [
        "/580/ChildBranches/14/Name",
        "/781/Name"
      ],
      "geography/Tiles.json": [
        "/28/Tiles/0/LabelData/8/Label"
      ]
    },
    "Texts": {
      "Chs": "修道院岩礁",
      "Eng": "Abbey Rock"
    }
  },
  {
    "DeniedAlternatives": [],
    "Files": {
      "entities/areas.json": [
        "/4/Name"
      ],
      "entities/events.json": [
        "/580/ChildBranches/48/Name",
        "/622/Name"
      ],
      "entities/exchanges.json": [
        "/3/Name"
      ],
      "geography/Tiles.json": [
        "/0/Tiles/0/LabelData/0/Label"
      ]
    },
    "Texts": {
      "Chs": "亚当之路",
      "Eng": "Adam's Way"
    }
  },
  {
    "DeniedAlternatives": [],
    "Files": {
      "entities/areas.json": [
        "/58/Name"
      ],
      "entities/events.json": [
        "/580/ChildBranches/38/Name",
        "/830/Name"
      ],
      "geography/Tiles.json": [
        "/35/Tiles/0/LabelData/1/Label"
      ]
    },
    "Texts": {
      "Chs": "阿斯蒂沃",
      "Eng": "Aestival"
    }
  },
  {
    "DeniedAlternatives": [],
    "Files": {
      "entities/areas.json": [
        "/75/Name"
      ],
      "entities/events.json": [
        "/580/ChildBranches/58/Name",
        "/580/ChildBranches/68/Name",
        "/62/ChildBranches/1/DefaultEvent/MoveToArea/Name",
        "/62/ChildBranches/1/Name",
        "/862/Name"
      ],
      "entities/qualities.json": [
        "/122/AvailableAt",
        "/123/AvailableAt",
        "/124/AvailableAt",
        "/44/AvailableAt",
        "/7/AvailableAt"
      ],
      "geography/Tiles.json": [
        "/20/Tiles/0/LabelData/1/Label"
      ]
    },
    "Texts": {
      "Chs": "爱古",
      "Eng": "Aigul"
    }
  },
  {
    "DeniedAlternatives": [],
    "Files": {
      "encyclopaedia/Associations.json": [
        "/0/LegacyUnlockQualities/7/Name"
      ],
      "entities/qualities.json": [
        "/151/Name"
      ]
    },
    "Texts": {
      "Chs": "她心脏的黑色轮廓",
      "Eng": "An Adumbration of Her Heart"
    }
  },
  {
    "DeniedAlternatives": [],
    "Files": {
      "entities/areas.json": [
        "/76/Name"
      ],
      "entities/events.json": [
        "/304/Name",
        "/580/ChildBranches/64/Name",
        "/62/ChildBranches/9/DefaultEvent/MoveToArea/Name",
        "/62/ChildBranches/9/Name",
        "/863/Name"
      ],
      "entities/exchanges.json": [
        "/22/Name"
      ],
      "entities/qualities.json": [
        "/173/AvailableAt",
        "/176/AvailableAt",
        "/182/AvailableAt",
        "/184/AvailableAt",
        "/185/AvailableAt",
        "/189/AvailableAt",
        "/190/AvailableAt",
        "/588/AvailableAt"
      ],
      "geography/Tiles.json": [
        "/17/Tiles/0/LabelData/2/Label"
      ]
    },
    "Texts": {
      "Chs": "安忒",
      "Eng": "Anthe"
    }
  },
  {
    "DeniedAlternatives": [],
    "Files": {
      "entities/events.json": [
        "/683/Name"
      ],
      "geography/Tiles.json": [
        "/10/Tiles/0/LabelData/2/Label"
      ]
    },
    "Texts": {
      "Chs": "灰烬地峡",
      "Eng": "Ash Isthmus"
    }
  },
  {
    "DeniedAlternatives": [],
    "Files": {
      "entities/areas.json": [
        "/42/Name"
      ],
      "entities/events.json": [
        "/580/ChildBranches/40/Name"
      ],
      "geography/Tiles.json": [
        "/1/Tiles/0/LabelData/6/Label"
      ]
    },
    "Texts": {
      "Chs": "法典岛",
      "Eng": "Codex"
    }
  },
  {
    "DeniedAlternatives": [],
    "Files": {
      "encyclopaedia/SpawnedEntities.json": [
        "/44/HumanName"
      ],
      "entities/events.json": [
        "/71/ChildBranches/6/Name"
      ]
    },
    "Texts": {
      "Chs": "挥之不去",
      "Eng": "Constant Companion"
    }
  },
  {
    "DeniedAlternatives": [],
    "Files": {
      "encyclopaedia/Tutorials.json": [
        "/24/Name"
      ],
      "entities/qualities.json": [
        "/252/Name"
      ]
    },
    "Texts": {
      "Chs": "船员",
      "Eng": "Crew"
    }
  },
  {
    "DeniedAlternatives": [],
    "Files": {
      "entities/areas.json": [
        "/14/Name"
      ],
      "geography/Tiles.json": [
        "/5/Tiles/0/LabelData/0/Label"
      ]
    },
    "Texts": {
      "Chs": "哭泣高地",
      "Eng": "Crying Heights"
    }
  },
  {
    "DeniedAlternatives": [],
    "Files": {
      "entities/areas.json": [
        "/80/Name"
      ],
      "entities/events.json": [
        "/580/ChildBranches/60/Name",
        "/62/ChildBranches/3/DefaultEvent/MoveToArea/Name",
        "/62/ChildBranches/3/Name",
        "/873/Name"
      ],
      "entities/exchanges.json": [
        "/25/Name"
      ],
      "geography/Tiles.json": [
        "/26/Tiles/0/LabelData/1/Label"
      ]
    },
    "Texts": {
      "Chs": "达哈",
      "Eng": "Dahut"
    }
  },
  {
    "DeniedAlternatives": [],
    "Files": {
      "encyclopaedia/SpawnedEntities.json": [
        "/41/HumanName"
      ],
      "entities/events.json": [
        "/71/ChildBranches/7/Name"
      ]
    },
    "Texts": {
      "Chs": "黎明海胆",
      "Eng": "Dawn Fluke"
    }
  },
  {
    "DeniedAlternatives": [],
    "Files": {
      "entities/areas.json": [
        "/7/Name"
      ],
      "entities/events.json": [
        "/580/ChildBranches/0/Name"
      ],
      "geography/Tiles.json": [
        "/9/Tiles/0/LabelData/0/Label"
      ]
    },
    "Texts": {
      "Chs": "德莫岛",
      "Eng": "Demeaux Island"
    }
  },
  {
    "DeniedAlternatives": [],
    "Files": {
      "encyclopaedia/Tutorials.json": [
        "/3/Name"
      ],
      "entities/events.json": [
        "/491/ChildBranches/1/Name"
      ]
    },
    "Texts": {
      "Chs": "回声",
      "Eng": "Echoes"
    }
  },
  {
    "DeniedAlternatives": [],
    "Files": {
      "encyclopaedia/CombatItems.json": [
        "/6/Name"
      ],
      "entities/qualities.json": [
        "/286/Name"
      ]
    },
    "Texts": {
      "Chs": "黎明元素",
      "Eng": "Element of Dawn"
    }
  },
  {
    "DeniedAlternatives": [],
    "Files": {
      "entities/areas.json": [
        "/16/Name"
      ],
      "entities/events.json": [
        "/580/ChildBranches/33/Name",
        "/580/ChildBranches/34/Name"
      ],
      "geography/Tiles.json": [
        "/10/Tiles/0/LabelData/0/Label"
      ]
    },
    "Texts": {
      "Chs": "手掌帝国",
      "Eng": "Empire of Hands"
    }
  },
  {
    "DeniedAlternatives": [],
    "Files": {
      "entities/events.json": [
        "/873/ChildBranches/13/Name"
      ],
      "geography/Tiles.json": [
        "/26/Tiles/0/LabelData/6/Label"
      ]
    },
    "Texts": {
      "Chs": "忍耐",
      "Eng": "Endure"
    }
  },
  {
    "DeniedAlternatives": [],
    "Files": {
      "entities/areas.json": [
        "/0/Name",
        "/1/Description"
      ],
      "geography/Tiles.json": [
        "/29/Tiles/0/LabelData/1/Label"
      ]
    },
    "Texts": {
      "Chs": "沦敦",
      "Eng": "Fallen London"
    }
  },
  {
    "DeniedAlternatives": [],
    "Files": {
      "encyclopaedia/CombatItems.json": [
        "/4/Name"
      ],
      "entities/events.json": [
        "/651/ChildBranches/1/Name"
      ],
      "entities/qualities.json": [
        "/330/Name"
      ]
    },
    "Texts": {
      "Chs": "照明弹",
      "Eng": "Flare"
    }
  },
  {
    "DeniedAlternatives": [],
    "Files": {
      "entities/areas.json": [
        "/59/Name"
      ],
      "entities/events.json": [
        "/353/ChildBranches/7/DefaultEvent/MoveToArea/Name",
        "/419/ChildBranches/0/DefaultEvent/MoveToArea/Name",
        "/580/ChildBranches/37/Name",
        "/831/Name"
      ],
      "geography/Tiles.json": [
        "/11/Tiles/0/HumanName",
        "/11/Tiles/0/LabelData/4/Label"
      ]
    },
    "Texts": {
      "Chs": "寒霜城",
      "Eng": "Frostfound"
    }
  },
  {
    "DeniedAlternatives": [],
    "Files": {
      "encyclopaedia/Tutorials.json": [
        "/23/Name"
      ],
      "entities/qualities.json": [
        "/334/Name"
      ]
    },
    "Texts": {
      "Chs": "燃料",
      "Eng": "Fuel"
    }
  },
  {
    "DeniedAlternatives": [],
    "Files": {
      "entities/areas.json": [
        "/13/Name"
      ],
      "entities/events.json": [
        "/580/ChildBranches/1/Name",
        "/662/Name"
      ],
      "geography/Tiles.json": [
        "/4/Tiles/0/LabelData/0/Label"
      ]
    },
    "Texts": {
      "Chs": "加德的哀悼",
      "Eng": "Gaider's Mourn"
    }
  },
  {
    "DeniedAlternatives": [],
    "Files": {
      "entities/areas.json": [
        "/71/Name"
      ],
      "entities/events.json": [
        "/309/Name",
        "/62/ChildBranches/6/DefaultEvent/MoveToArea/Name"
      ],
      "geography/Tiles.json": [
        "/3/Tiles/0/LabelData/1/Label"
      ]
    },
    "Texts": {
      "Chs": "刚特极点",
      "Eng": "Gant Pole"
    }
  },
  {
    "DeniedAlternatives": [],
    "Files": {
      "entities/areas.json": [
        "/49/Name"
      ],
      "entities/events.json": [
        "/528/ChildBranches/13/DefaultEvent/MoveToArea/Name",
        "/528/ChildBranches/14/DefaultEvent/MoveToArea/Name",
        "/528/ChildBranches/16/DefaultEvent/MoveToArea/Name",
        "/580/ChildBranches/20/Name",
        "/812/Name",
        "/813/ChildBranches/3/DefaultEvent/MoveToArea/Name"
      ],
      "geography/Tiles.json": [
        "/26/Tiles/0/LabelData/0/Label"
      ]
    },
    "Texts": {
      "Chs": "神落",
      "Eng": "Godfall"
    }
  },
  {
    "DeniedAlternatives": [],
    "Files": {
      "entities/areas.json": [
        "/15/Name"
      ],
      "entities/events.json": [
        "/580/ChildBranches/42/Name",
        "/664/Name"
      ],
      "geography/Tiles.json": [
        "/7/Tiles/0/LabelData/0/Label"
      ]
    },
    "Texts": {
      "Chs": "宏伟晶洞",
      "Eng": "Grand Geode"
    }
  },
  {
    "DeniedAlternatives": [],
    "Files": {
      "encyclopaedia/CombatItems.json": [
        "/10/Name"
      ],
      "entities/qualities.json": [
        "/356/Name"
      ]
    },
    "Texts": {
      "Chs": "海盗之林",
      "Eng": "Hand-Carved Ushabti"
    }
  },
  {
    "DeniedAlternatives": [],
    "Files": {
      "entities/areas.json": [
        "/74/Name"
      ],
      "entities/events.json": [
        "/303/Name",
        "/580/ChildBranches/59/Name",
        "/62/ChildBranches/5/DefaultEvent/MoveToArea/Name",
        "/62/ChildBranches/5/Name",
        "/858/Name"
      ],
      "entities/exchanges.json": [
        "/30/Name"
      ],
      "geography/Tiles.json": [
        "/35/Tiles/0/LabelData/6/Label"
      ]
    },
    "Texts": {
      "Chs": "隐逸之地",
      "Eng": "Hideaway"
    }
  },
  {
    "DeniedAlternatives": [],
    "Files": {
      "encyclopaedia/Tutorials.json": [
        "/27/Name"
      ],
      "entities/qualities.json": [
        "/372/Name"
      ]
    },
    "Texts": {
      "Chs": "货仓",
      "Eng": "Hold"
    }
  },
  {
    "DeniedAlternatives": [],
    "Files": {
      "entities/areas.json": [
        "/32/Name"
      ],
      "entities/events.json": [
        "/580/ChildBranches/2/Name",
        "/738/Name"
      ],
      "geography/Tiles.json": [
        "/29/Tiles/0/LabelData/8/Label"
      ]
    },
    "Texts": {
      "Chs": "猎户塔楼",
      "Eng": "Hunter's Keep"
    }
  },
  {
    "DeniedAlternatives": [],
    "Files": {
      "entities/areas.json": [
        "/18/Name"
      ],
      "entities/events.json": [
        "/580/ChildBranches/49/Name",
        "/694/Name"
      ],
      "geography/Tiles.json": [
        "/18/Tiles/0/LabelData/0/Label"
      ]
    },
    "Texts": {
      "Chs": "伊瑞暮",
      "Eng": "Irem"
    }
  },
  {
    "DeniedAlternatives": [],
    "Files": {
      "entities/areas.json": [
        "/33/Name"
      ],
      "entities/events.json": [
        "/580/ChildBranches/30/Name"
      ],
      "geography/Tiles.json": [
        "/32/Tiles/0/LabelData/0/Label"
      ]
    },
    "Texts": {
      "Chs": "猫岛",
      "Eng": "Isle of Cats"
    }
  },
  {
    "DeniedAlternatives": [],
    "Files": {
      "entities/areas.json": [
        "/19/Name"
      ],
      "entities/events.json": [
        "/697/Name"
      ],
      "geography/Tiles.json": [
        "/22/Tiles/0/LabelData/14/Label"
      ]
    },
    "Texts": {
      "Chs": "可汗的荣耀",
      "Eng": "Khan's Glory"
    }
  },
  {
    "DeniedAlternatives": [],
    "Files": {
      "entities/areas.json": [
        "/20/Name"
      ],
      "entities/events.json": [
        "/580/ChildBranches/24/Name",
        "/699/Name"
      ],
      "geography/Tiles.json": [
        "/22/Tiles/0/LabelData/13/Label"
      ]
    },
    "Texts": {
      "Chs": "可汗之心",
      "Eng": "Khan's Heart"
    }
  },
  {
    "DeniedAlternatives": [],
    "Files": {
      "entities/areas.json": [
        "/21/Name"
      ],
      "entities/events.json": [
        "/580/ChildBranches/43/Name",
        "/622/ChildBranches/21/DefaultEvent/Name",
        "/702/Name"
      ],
      "geography/Tiles.json": [
        "/22/Tiles/0/LabelData/12/Label"
      ]
    },
    "Texts": {
      "Chs": "可汗之影",
      "Eng": "Khan's Shadow"
    }
  },
  {
    "DeniedAlternatives": [],
    "Files": {
      "entities/areas.json": [
        "/22/Name"
      ],
      "entities/events.json": [
        "/580/ChildBranches/50/Name",
        "/703/Name"
      ],
      "geography/Tiles.json": [
        "/25/Tiles/0/LabelData/0/Label"
      ]
    },
    "Texts": {
      "Chs": "噬王者的城堡",
      "Eng": "Kingeater's Castle"
    }
  },
  {
    "DeniedAlternatives": [],
    "Files": {
      "encyclopaedia/SpawnedEntities.json": [
        "/39/HumanName"
      ],
      "entities/events.json": [
        "/71/ChildBranches/3/Name"
      ]
    },
    "Texts": {
      "Chs": "最孤独的海胆",
      "Eng": "Lornest Fluke"
    }
  },
  {
    "DeniedAlternatives": [],
    "Files": {
      "entities/areas.json": [
        "/72/Name"
      ],
      "entities/events.json": [
        "/310/Name",
        "/580/ChildBranches/63/Name",
        "/62/ChildBranches/8/DefaultEvent/MoveToArea/Name",
        "/62/ChildBranches/8/Name",
        "/848/Name"
      ],
      "entities/exchanges.json": [
        "/29/Name"
      ],
      "geography/Tiles.json": [
        "/29/Tiles/0/LabelData/12/Label",
        "/29/Tiles/0/LabelData/13/Label"
      ]
    },
    "Texts": {
      "Chs": "沉没的巴内特",
      "Eng": "Low Barnet"
    }
  },
  {
    "DeniedAlternatives": [],
    "Files": {
      "entities/areas.json": [
        "/29/Name"
      ],
      "geography/Tiles.json": [
        "/23/Tiles/0/LabelData/5/Label"
      ]
    },
    "Texts": {
      "Chs": "伤心群岛",
      "Eng": "Melting Isles"
    }
  },
  {
    "DeniedAlternatives": [],
    "Files": {
      "entities/areas.json": [
        "/23/Name"
      ],
      "entities/events.json": [
        "/705/Name"
      ],
      "geography/Tiles.json": [
        "/17/Tiles/0/LabelData/1/Label"
      ]
    },
    "Texts": {
      "Chs": "帕默斯顿山",
      "Eng": "Mount Palmerston"
    }
  },
  {
    "DeniedAlternatives": [],
    "Files": {
      "encyclopaedia/CombatItems.json": [
        "/5/Name"
      ],
      "entities/qualities.json": [
        "/499/Name"
      ]
    },
    "Texts": {
      "Chs": "死亡租界",
      "Eng": "Mountain-sherd"
    }
  },
  {
    "DeniedAlternatives": [],
    "Files": {
      "entities/areas.json": [
        "/31/Name"
      ],
      "geography/Tiles.json": [
        "/29/Tiles/0/LabelData/5/Label"
      ]
    },
    "Texts": {
      "Chs": "羊岛",
      "Eng": "Mutton Island"
    }
  },
  {
    "DeniedAlternatives": [],
    "Files": {
      "encyclopaedia/SpawnedEntities.json": [
        "/42/HumanName"
      ],
      "entities/events.json": [
        "/619/ChildBranches/2/Name",
        "/654/ChildBranches/2/Name"
      ]
    },
    "Texts": {
      "Chs": "也不",
      "Eng": "Neither"
    }
  },
  {
    "DeniedAlternatives": [],
    "Files": {
      "entities/areas.json": [
        "/79/Name"
      ],
      "entities/events.json": [
        "/307/Name",
        "/580/ChildBranches/62/Name",
        "/62/ChildBranches/7/DefaultEvent/MoveToArea/Name",
        "/62/ChildBranches/7/Name",
        "/869/Name"
      ],
      "entities/exchanges.json": [
        "/23/Name"
      ],
      "geography/Tiles.json": [
        "/21/Tiles/0/LabelData/5/Label"
      ]
    },
    "Texts": {
      "Chs": "旮旯",
      "Eng": "Nook"
    }
  },
  {
    "DeniedAlternatives": [],
    "Files": {
      "entities/areas.json": [
        "/24/Name"
      ],
      "entities/events.json": [
        "/580/ChildBranches/36/Name",
        "/707/Name",
        "/779/ChildBranches/4/DefaultEvent/Name"
      ],
      "entities/exchanges.json": [
        "/18/Name"
      ],
      "geography/Tiles.json": [
        "/21/Tiles/0/LabelData/0/Label"
      ]
    },
    "Texts": {
      "Chs": "农西奥",
      "Eng": "Nuncio"
    }
  },
  {
    "DeniedAlternatives": [],
    "Files": {
      "entities/areas.json": [
        "/46/Name"
      ],
      "entities/events.json": [
        "/580/ChildBranches/21/Name"
      ],
      "geography/Tiles.json": [
        "/36/Tiles/0/LabelData/2/Label"
      ]
    },
    "Texts": {
      "Chs": "皮格莫特岛",
      "Eng": "Pigmote Isle"
    }
  },
  {
    "DeniedAlternatives": [],
    "Files": {
      "encyclopaedia/SpawnedEntities.json": [
        "/5/HumanName"
      ],
      "entities/events.json": [
        "/635/Name"
      ]
    },
    "Texts": {
      "Chs": "海盗护卫舰",
      "Eng": "Pirate Frigate"
    }
  },
  {
    "DeniedAlternatives": [],
    "Files": {
      "encyclopaedia/SpawnedEntities.json": [
        "/2/HumanName"
      ],
      "entities/events.json": [
        "/634/Name"
      ]
    },
    "Texts": {
      "Chs": "海盗蒸汽艇",
      "Eng": "Pirate Steam-Pinnace"
    }
  },
  {
    "DeniedAlternatives": [],
    "Files": {
      "entities/events.json": [
        "/580/ChildBranches/32/Name",
        "/727/Name"
      ],
      "entities/exchanges.json": [
        "/1/Name"
      ],
      "geography/Tiles.json": [
        "/26/Tiles/0/LabelData/2/Label"
      ]
    },
    "Texts": {
      "Chs": "碎心国",
      "Eng": "Polythreme"
    }
  },
  {
    "DeniedAlternatives": [],
    "Files": {
      "entities/areas.json": [
        "/3/Name"
      ],
      "entities/events.json": [
        "/208/Name",
        "/580/ChildBranches/35/Name"
      ],
      "entities/qualities.json": [
        "/233/AvailableAt"
      ],
      "geography/Tiles.json": [
        "/2/Tiles/0/LabelData/0/Label"
      ]
    },
    "Texts": {
      "Chs": "玛瑙港",
      "Eng": "Port Carnelian"
    }
  },
  {
    "DeniedAlternatives": [],
    "Files": {
      "entities/events.json": [
        "/746/Name"
      ],
      "geography/Tiles.json": [
        "/32/Tiles/0/LabelData/5/Label"
      ]
    },
    "Texts": {
      "Chs": "卡文迪许港",
      "Eng": "Port Cavendish"
    }
  },
  {
    "DeniedAlternatives": [],
    "Files": {
      "entities/areas.json": [
        "/25/Name"
      ],
      "entities/events.json": [
        "/580/ChildBranches/4/Name",
        "/709/Name"
      ],
      "geography/Tiles.json": [
        "/19/Tiles/0/LabelData/0/Label"
      ]
    },
    "Texts": {
      "Chs": "塞西尔港",
      "Eng": "Port Cecil"
    }
  },
  {
    "DeniedAlternatives": [],
    "Files": {
      "entities/events.json": [
        "/688/Name"
      ],
      "geography/Tiles.json": [
        "/10/Tiles/0/LabelData/1/Label"
      ]
    },
    "Texts": {
      "Chs": "斯坦顿港",
      "Eng": "Port Stanton"
    }
  },
  {
    "DeniedAlternatives": [],
    "Files": {
      "entities/events.json": [
        "/580/ChildBranches/5/Name",
        "/580/ChildBranches/52/Name",
        "/580/ChildBranches/53/Name",
        "/580/ChildBranches/54/Name",
        "/580/ChildBranches/55/Name",
        "/580/ChildBranches/56/Name",
        "/732/Name"
      ],
      "geography/Tiles.json": [
        "/29/Tiles/0/LabelData/6/Label"
      ]
    },
    "Texts": {
      "Chs": "贵格避风港",
      "Eng": "Quaker's Haven"
    }
  },
  {
    "DeniedAlternatives": [],
    "Files": {
      "entities/areas.json": [
        "/73/Name"
      ],
      "entities/events.json": [
        "/62/ChildBranches/0/DefaultEvent/MoveToArea/Name",
        "/850/Name"
      ],
      "entities/exchanges.json": [
        "/28/Name"
      ],
      "geography/Tiles.json": [
        "/32/Tiles/0/LabelData/8/Label"
      ]
    },
    "Texts": {
      "Chs": "玫瑰之门",
      "Eng": "Rosegate"
    }
  },
  {
    "DeniedAlternatives": [],
    "Files": {
      "entities/areas.json": [
        "/28/Name"
      ],
      "entities/events.json": [
        "/580/ChildBranches/28/Name",
        "/580/ChildBranches/29/Name"
      ],
      "geography/Tiles.json": [
        "/14/Tiles/0/LabelData/0/Label"
      ]
    },
    "Texts": {
      "Chs": "救世主岩礁",
      "Eng": "Saviour's Rocks"
    }
  },
  {
    "DeniedAlternatives": [],
    "Files": {
      "entities/areas.json": [
        "/77/Name"
      ],
      "entities/events.json": [
        "/305/Name",
        "/580/ChildBranches/67/Name",
        "/62/ChildBranches/10/DefaultEvent/MoveToArea/Name",
        "/62/ChildBranches/10/Name",
        "/864/Name"
      ],
      "entities/exchanges.json": [
        "/24/Name"
      ],
      "geography/Tiles.json": [
        "/24/Tiles/0/LabelData/1/Label"
      ]
    },
    "Texts": {
      "Chs": "骨雕馆",
      "Eng": "Scrimshander"
    }
  },
  {
    "DeniedAlternatives": [],
    "Files": {
      "entities/areas.json": [
        "/43/Name"
      ],
      "entities/events.json": [
        "/779/Name"
      ],
      "geography/Tiles.json": [
        "/28/Tiles/0/LabelData/9/Label"
      ]
    },
    "Texts": {
      "Chs": "牧羊人之岛",
      "Eng": "Shepherd Isles"
    }
  },
  {
    "DeniedAlternatives": [],
    "Files": {
      "encyclopaedia/Tutorials.json": [
        "/11/Name"
      ],
      "entities/events.json": [
        "/17/ChildBranches/2/DefaultEvent/Name",
        "/3/ChildBranches/7/Name"
      ],
      "entities/qualities.json": [
        "/700/Name"
      ]
    },
    "Texts": {
      "Chs": "有什么事情在等着你",
      "Eng": "Something Awaits You"
    }
  },
  {
    "DeniedAlternatives": [],
    "Files": {
      "entities/areas.json": [
        "/39/Name"
      ],
      "entities/events.json": [
        "/580/ChildBranches/13/Name"
      ],
      "geography/Tiles.json": [
        "/28/Tiles/0/LabelData/7/Label"
      ]
    },
    "Texts": {
      "Chs": "三号要塞",
      "Eng": "Station III"
    }
  },
  {
    "DeniedAlternatives": [],
    "Files": {
      "encyclopaedia/CombatItems.json": [
        "/2/Name"
      ],
      "entities/qualities.json": [
        "/711/Name"
      ]
    },
    "Texts": {
      "Chs": "奇怪的猎获",
      "Eng": "Strange Catch"
    }
  },
  {
    "DeniedAlternatives": [],
    "Files": {
      "encyclopaedia/Tutorials.json": [
        "/22/Name"
      ],
      "entities/events.json": [
        "/508/ChildBranches/4/DefaultEvent/Name"
      ],
      "entities/qualities.json": [
        "/716/Name"
      ]
    },
    "Texts": {
      "Chs": "补给",
      "Eng": "Supplies"
    }
  },
  {
    "DeniedAlternatives": [],
    "Files": {
      "encyclopaedia/Tutorials.json": [
        "/6/Name"
      ],
      "entities/qualities.json": [
        "/776/Name"
      ]
    },
    "Texts": {
      "Chs": "恐惧",
      "Eng": "Terror"
    }
  },
  {
    "DeniedAlternatives": [],
    "Files": {
      "encyclopaedia/SpawnedEntities.json": [
        "/40/HumanName"
      ],
      "entities/events.json": [
        "/71/ChildBranches/5/Name"
      ]
    },
    "Texts": {
      "Chs": "塔络",
      "Eng": "Thalatte"
    }
  },
  {
    "DeniedAlternatives": [],
    "Files": {
      "entities/events.json": [
        "/580/ChildBranches/39/Name",
        "/658/Name"
      ],
      "geography/Tiles.json": [
        "/3/Tiles/0/HumanName",
        "/3/Tiles/0/LabelData/0/Label"
      ]
    },
    "Texts": {
      "Chs": "切洛内特",
      "Eng": "The Chelonate"
    }
  },
  {
    "DeniedAlternatives": [],
    "Files": {
      "entities/events.json": [
        "/580/ChildBranches/19/Name"
      ],
      "geography/Tiles.json": [
        "/6/Tiles/0/LabelData/3/Label"
      ]
    },
    "Texts": {
      "Chs": "卡米安运河",
      "Eng": "The Cumaean Canal"
    }
  },
  {
    "DeniedAlternatives": [],
    "Files": {
      "entities/events.json": [
        "/580/ChildBranches/61/Name",
        "/62/ChildBranches/6/Name",
        "/847/ChildBranches/1/DefaultEvent/Name",
        "/847/Name"
      ],
      "entities/exchanges.json": [
        "/20/Name"
      ],
      "geography/Tiles.json": [
        "/3/Tiles/0/LabelData/6/Label"
      ]
    },
    "Texts": {
      "Chs": "可汗之心",
      "Eng": "The Gant Pole"
    }
  },
  {
    "DeniedAlternatives": [],
    "Files": {
      "entities/events.json": [
        "/580/ChildBranches/26/Name"
      ],
      "geography/Tiles.json": [
        "/15/Tiles/0/HumanName",
        "/15/Tiles/0/LabelData/0/Label"
      ]
    },
    "Texts": {
      "Chs": "钢铁共和国",
      "Eng": "The Iron Republic"
    }
  },
  {
    "DeniedAlternatives": [],
    "Files": {
      "entities/events.json": [
        "/580/ChildBranches/27/Name",
        "/817/Name"
      ],
      "geography/Tiles.json": [
        "/23/Tiles/0/LabelData/2/Label"
      ]
    },
    "Texts": {
      "Chs": "红树学院",
      "Eng": "The Mangrove College"
    }
  },
  {
    "DeniedAlternatives": [],
    "Files": {
      "entities/events.json": [
        "/580/ChildBranches/51/Name",
        "/711/Name"
      ],
      "geography/Tiles.json": [
        "/33/Tiles/0/LabelData/0/Label"
      ]
    },
    "Texts": {
      "Chs": "盐狮",
      "Eng": "The Salt Lions"
    }
  },
  {
    "DeniedAlternatives": [],
    "Files": {
      "entities/events.json": [
        "/580/ChildBranches/66/Name",
        "/843/Name"
      ],
      "geography/Tiles.json": [
        "/34/Tiles/0/LabelData/0/Label"
      ]
    },
    "Texts": {
      "Chs": "鸦下",
      "Eng": "The Undercrow"
    }
  },
  {
    "DeniedAlternatives": [],
    "Files": {
      "entities/events.json": [
        "/580/ChildBranches/25/Name",
        "/816/Name"
      ],
      "geography/Tiles.json": [
        "/16/Tiles/0/LabelData/0/Label"
      ]
    },
    "Texts": {
      "Chs": "世纪之蕈",
      "Eng": "The Uttershroom"
    }
  },
  {
    "DeniedAlternatives": [],
    "Files": {
      "encyclopaedia/SpawnedEntities.json": [
        "/37/HumanName"
      ],
      "entities/events.json": [
        "/71/ChildBranches/1/Name"
      ]
    },
    "Texts": {
      "Chs": "三角鬼",
      "Eng": "Triskelegant"
    }
  },
  {
    "DeniedAlternatives": [],
    "Files": {
      "encyclopaedia/CombatItems.json": [
        "/1/Name"
      ],
      "entities/qualities.json": [
        "/848/Name"
      ]
    },
    "Texts": {
      "Chs": "不明仪器",
      "Eng": "Unclear Device"
    }
  },
  {
    "DeniedAlternatives": [],
    "Files": {
      "encyclopaedia/SpawnedEntities.json": [
        "/9/HumanName"
      ],
      "entities/events.json": [
        "/534/Name"
      ]
    },
    "Texts": {
      "Chs": "未完成者海盗",
      "Eng": "Unfinished Pirates"
    }
  },
  {
    "DeniedAlternatives": [],
    "Files": {
      "entities/areas.json": [
        "/38/Name"
      ],
      "entities/events.json": [
        "/580/ChildBranches/45/Name",
        "/580/ChildBranches/46/Name",
        "/580/ChildBranches/47/Name"
      ],
      "geography/Tiles.json": [
        "/30/Tiles/0/LabelData/0/Label"
      ]
    },
    "Texts": {
      "Chs": "瓦尔查斯",
      "Eng": "Varchas"
    }
  },
  {
    "DeniedAlternatives": [],
    "Files": {
      "entities/events.json": [
        "/580/ChildBranches/6/Name"
      ],
      "geography/Tiles.json": [
        "/37/Tiles/0/LabelData/0/Label"
      ]
    },
    "Texts": {
      "Chs": "文登湾",
      "Eng": "Venderbight"
    }
  },
  {
    "DeniedAlternatives": [],
    "Files": {
      "entities/areas.json": [
        "/34/Name"
      ],
      "entities/events.json": [
        "/580/ChildBranches/31/Name",
        "/759/Name",
        "/779/ChildBranches/4/RareDefaultEvent/Name"
      ],
      "geography/Tiles.json": [
        "/32/Tiles/0/LabelData/2/Label"
      ]
    },
    "Texts": {
      "Chs": "维瑟吉",
      "Eng": "Visage"
    }
  },
  {
    "DeniedAlternatives": [],
    "Files": {
      "entities/areas.json": [
        "/10/Name"
      ],
      "entities/events.json": [
        "/580/ChildBranches/7/Name",
        "/655/ChildBranches/3/Name",
        "/655/Name"
      ],
      "entities/exchanges.json": [
        "/8/Name"
      ],
      "geography/Tiles.json": [
        "/1/Tiles/0/LabelData/7/Label"
      ]
    },
    "Texts": {
      "Chs": "何方",
      "Eng": "Whither"
    }
  },
  {
    "DeniedAlternatives": [],
    "Files": {
      "entities/areas.json": [
        "/54/Name"
      ],
      "entities/events.json": [
        "/580/ChildBranches/44/Name",
        "/823/Name"
      ],
      "geography/Tiles.json": [
        "/24/Tiles/0/LabelData/4/Label"
      ]
    },
    "Texts": {
      "Chs": "智慧监狱",
      "Eng": "Wisdom"
    }
  },
  {
    "DeniedAlternatives": [],
    "Files": {
      "entities/areas.json": [
        "/78/Name"
      ],
      "entities/events.json": [
        "/306/Name",
        "/580/ChildBranches/65/Name",
        "/62/ChildBranches/4/DefaultEvent/MoveToArea/Name"
      ],
      "geography/Tiles.json": [
        "/33/Tiles/0/LabelData/3/Label"
      ]
    },
    "Texts": {
      "Chs": "船墟",
      "Eng": "Wrack"
    }
  },
  {
    "DeniedAlternatives": [],
    "Files": {
      "encyclopaedia/SpawnedEntities.json": [
        "/47/HumanName"
      ],
      "entities/events.json": [
        "/71/ChildBranches/0/Name"
      ]
    },
    "Texts": {
      "Chs": "墟船",
      "Eng": "Wreckship"
    }
  }
]